,mean_fit_time,std_fit_time,mean_score_time,std_score_time,param_classifier__l2_regularization,param_classifier__learning_rate,param_classifier__max_bins,param_classifier__max_leaf_nodes,param_classifier__min_samples_leaf,params,split0_test_score,split1_test_score,split2_test_score,split3_test_score,split4_test_score,mean_test_score,std_test_score,rank_test_score
0,0.14140615463256836,0.008949692697351096,0.041285133361816405,0.0065622105422743346,3.4708827440788716e-06,5.228223240366085,12,2,2,"{'classifier__l2_regularization': 3.4708827440788716e-06, 'classifier__learning_rate': 5.228223240366085, 'classifier__max_bins': 12, 'classifier__max_leaf_nodes': 2, 'classifier__min_samples_leaf': 2}",0.2845639415859151,0.2798252798252798,0.27559377559377557,0.28883428883428885,0.28856128856128854,0.2834757148801096,0.005122738620217165,198
1,0.5189079284667969,0.02433337823251556,0.06077117919921875,0.007442857846628882,0.01576098029787011,0.004361636196591636,16,5,8,"{'classifier__l2_regularization': 0.01576098029787011, 'classifier__learning_rate': 0.004361636196591636, 'classifier__max_bins': 16, 'classifier__max_leaf_nodes': 5, 'classifier__min_samples_leaf': 8}",0.7589736590691961,0.758940758940759,0.758940758940759,0.758940758940759,0.758940758940759,0.7589473389664464,1.316005137486087e-05,122
2,0.2663261890411377,0.009268417831887444,0.04385848045349121,0.007841321105309006,0.0012775678529445402,4.23614755445395,107,51,24,"{'classifier__l2_regularization': 0.0012775678529445402, 'classifier__learning_rate': 4.23614755445395, 'classifier__max_bins': 107, 'classifier__max_leaf_nodes': 51, 'classifier__min_samples_leaf': 24}",0.8022382967107957,0.6700791700791701,0.7761397761397761,0.7604422604422605,0.7259077259077259,0.7469614458559456,0.04570072431103577,165
3,1.4224680423736573,0.13282323160567305,0.062218236923217776,0.009080517519125203,1.2879400777403913e-06,0.10977259020039946,36,87,7,"{'classifier__l2_regularization': 1.2879400777403913e-06, 'classifier__learning_rate': 0.10977259020039946, 'classifier__max_bins': 36, 'classifier__max_leaf_nodes': 87, 'classifier__min_samples_leaf': 7}",0.8545107137982804,0.8565383565383565,0.8572208572208572,0.8514878514878514,0.8562653562653563,0.8552046270621403,0.0020622851935944097,25
4,0.30472521781921386,0.05764082453779803,0.05015420913696289,0.01161078124386831,878.085844250556,4.123914678093923,2,44,4,"{'classifier__l2_regularization': 878.085844250556, 'classifier__learning_rate': 4.123914678093923, 'classifier__max_bins': 2, 'classifier__max_leaf_nodes': 44, 'classifier__min_samples_leaf': 4}",0.7027432782857923,0.7566202566202567,0.7383292383292384,0.7697242697242698,0.7553917553917554,0.7445617596702625,0.023166690638967802,166
5,4.5701305866241455,0.25483316059107575,0.07011442184448242,0.012073742218271918,0.014996704199792613,0.0011423261280237938,2,185,2,"{'classifier__l2_regularization': 0.014996704199792613, 'classifier__learning_rate': 0.0011423261280237938, 'classifier__max_bins': 2, 'classifier__max_leaf_nodes': 185, 'classifier__min_samples_leaf': 2}",0.7589736590691961,0.758940758940759,0.758940758940759,0.758940758940759,0.758940758940759,0.7589473389664464,1.316005137486087e-05,122
6,0.7196264743804932,0.09291314067559978,0.07039294242858887,0.002403290534573086,7.1294721489976025,0.001973583127839218,4,10,2,"{'classifier__l2_regularization': 7.1294721489976025, 'classifier__learning_rate': 0.001973583127839218, 'classifier__max_bins': 4, 'classifier__max_leaf_nodes': 10, 'classifier__min_samples_leaf': 2}",0.7589736590691961,0.758940758940759,0.758940758940759,0.758940758940759,0.758940758940759,0.7589473389664464,1.316005137486087e-05,122
7,1.1354219913482666,0.1278580164716298,0.052199268341064455,0.008454251705393453,0.0001854074452215475,0.15234525982911246,5,86,31,"{'classifier__l2_regularization': 0.0001854074452215475, 'classifier__learning_rate': 0.15234525982911246, 'classifier__max_bins': 5, 'classifier__max_leaf_nodes': 86, 'classifier__min_samples_leaf': 31}",0.8274873754606251,0.8299208299208299,0.831012831012831,0.8214578214578214,0.8308763308763308,0.8281510377456878,0.0035773968077294637,77
8,4.0559672832489015,0.1788380943205368,0.08549838066101074,0.02213739406496012,1.1092182349957806e-06,0.0437909294671939,6,168,14,"{'classifier__l2_regularization': 1.1092182349957806e-06, 'classifier__learning_rate': 0.0437909294671939, 'classifier__max_bins': 6, 'classifier__max_leaf_nodes': 168, 'classifier__min_samples_leaf': 14}",0.8259860788863109,0.8308763308763308,0.8315588315588316,0.8266448266448266,0.8284193284193284,0.8286970792771257,0.002217077949882252,76
9,0.9149381637573242,0.09544652493329665,0.061272287368774415,0.006048052477877876,415.54150288733086,0.5946650979168484,29,23,2,"{'classifier__l2_regularization': 415.54150288733086, 'classifier__learning_rate': 0.5946650979168484, 'classifier__max_bins': 29, 'classifier__max_leaf_nodes': 23, 'classifier__min_samples_leaf': 2}",0.8546471953050362,0.8595413595413596,0.8555828555828556,0.855036855036855,0.8553098553098553,0.8560236241551923,0.0017858597267687703,21
10,0.17022395133972168,0.019120534281613744,0.0474602222442627,0.0014711067426860687,687.4224921980892,9.404832760131328,21,2,55,"{'classifier__l2_regularization': 687.4224921980892, 'classifier__learning_rate': 9.404832760131328, 'classifier__max_bins': 21, 'classifier__max_leaf_nodes': 2, 'classifier__min_samples_leaf': 55}",0.6454210454483418,0.6511056511056511,0.6414141414141414,0.6388206388206388,0.6430521430521431,0.6439627239681832,0.004169258445687598,186
11,0.5974417686462402,0.030501124195639006,0.06538887023925781,0.0036736912803012954,0.0005935459391698738,0.004081009285733263,40,8,10,"{'classifier__l2_regularization': 0.0005935459391698738, 'classifier__learning_rate': 0.004081009285733263, 'classifier__max_bins': 40, 'classifier__max_leaf_nodes': 8, 'classifier__min_samples_leaf': 10}",0.7589736590691961,0.758940758940759,0.758940758940759,0.758940758940759,0.758940758940759,0.7589473389664464,1.316005137486087e-05,122
12,0.34922285079956056,0.0569388074096513,0.0486598014831543,0.005083523200377768,0.0015139753653618225,0.6854953007898146,154,4,1,"{'classifier__l2_regularization': 0.0015139753653618225, 'classifier__learning_rate': 0.6854953007898146, 'classifier__max_bins': 154, 'classifier__max_leaf_nodes': 4, 'classifier__min_samples_leaf': 1}",0.8644738637914563,0.8692328692328692,0.8682773682773682,0.8622713622713623,0.871007371007371,0.8670525669160855,0.003206367403380869,3
13,0.4529226303100586,0.009905700260123298,0.05464625358581543,0.010089724046980645,7.631547662102037,0.02658887289684786,4,3,69,"{'classifier__l2_regularization': 7.631547662102037, 'classifier__learning_rate': 0.02658887289684786, 'classifier__max_bins': 4, 'classifier__max_leaf_nodes': 3, 'classifier__min_samples_leaf': 69}",0.7974614439743415,0.7922467922467923,0.7904722904722905,0.7911547911547911,0.7927927927927928,0.7928256221282016,0.002455883222404702,109
14,0.19322752952575684,0.014049220615799725,0.03915567398071289,0.007813583725869285,621.9094650785511,6.984874714109089,34,6,35,"{'classifier__l2_regularization': 621.9094650785511, 'classifier__learning_rate': 6.984874714109089, 'classifier__max_bins': 34, 'classifier__max_leaf_nodes': 6, 'classifier__min_samples_leaf': 35}",0.765661252900232,0.6844116844116844,0.5768495768495768,0.7155337155337156,0.7493857493857494,0.6983683958161917,0.06691391534957251,172
15,0.22285881042480468,0.022639471759204367,0.04902176856994629,0.00838740376635661,0.008287553689487047,1.7817057737798048,46,21,24,"{'classifier__l2_regularization': 0.008287553689487047, 'classifier__learning_rate': 1.7817057737798048, 'classifier__max_bins': 46, 'classifier__max_leaf_nodes': 21, 'classifier__min_samples_leaf': 24}",0.8198444110822983,0.7777777777777778,0.8142233142233142,0.7922467922467923,0.668031668031668,0.7744247926723702,0.05530863802861938,117
16,0.23801641464233397,0.008541647987443465,0.04895153045654297,0.0013248536880251574,0.001986983606825957,1.018542180062602,19,15,8,"{'classifier__l2_regularization': 0.001986983606825957, 'classifier__learning_rate': 1.018542180062602, 'classifier__max_bins': 19, 'classifier__max_leaf_nodes': 15, 'classifier__min_samples_leaf': 8}",0.8404531186024293,0.8517608517608518,0.8482118482118483,0.842069342069342,0.8446628446628447,0.8454316010614633,0.0041102371746253264,57
17,0.15766868591308594,0.013568421892014161,0.04296698570251465,0.007116668199410547,2.0015031801906487,2.9993147214654132,2,2,19,"{'classifier__l2_regularization': 2.0015031801906487, 'classifier__learning_rate': 2.9993147214654132, 'classifier__max_bins': 2, 'classifier__max_leaf_nodes': 2, 'classifier__min_samples_leaf': 19}",0.6018834447932305,0.6123396123396123,0.6068796068796068,0.5910455910455911,0.5955500955500955,0.6015396701216272,0.007632464303459448,189
18,0.17674379348754882,0.013408185695914126,0.04713134765625,0.003020067606777631,3.0007301757888465,9.782703429537083,8,6,1,"{'classifier__l2_regularization': 3.0007301757888465, 'classifier__learning_rate': 9.782703429537083, 'classifier__max_bins': 8, 'classifier__max_leaf_nodes': 6, 'classifier__min_samples_leaf': 1}",0.2597243073563532,0.7532077532077532,0.6962871962871963,0.7523887523887524,0.6976521976521977,0.6318520413784505,0.18773220697416956,188
19,0.29948649406433103,0.015340637638520057,0.05174708366394043,0.007881059708225658,0.0030621630843349987,0.6313648351769557,21,19,71,"{'classifier__l2_regularization': 0.0030621630843349987, 'classifier__learning_rate': 0.6313648351769557, 'classifier__max_bins': 21, 'classifier__max_leaf_nodes': 19, 'classifier__min_samples_leaf': 71}",0.8519175651699195,0.8549003549003549,0.855992355992356,0.8494403494403494,0.8543543543543544,0.8533209959714668,0.002354884457851509,34
20,0.5451699256896972,0.017992019063529402,0.06858625411987304,0.003839397975847021,0.03253259895065064,0.006731140416828793,2,7,1,"{'classifier__l2_regularization': 0.03253259895065064, 'classifier__learning_rate': 0.006731140416828793, 'classifier__max_bins': 2, 'classifier__max_leaf_nodes': 7, 'classifier__min_samples_leaf': 1}",0.7589736590691961,0.758940758940759,0.758940758940759,0.758940758940759,0.758940758940759,0.7589473389664464,1.316005137486087e-05,122
21,0.9838226318359375,0.04584627329504836,0.07589225769042969,0.005680866279286209,0.1493429322840837,0.005017354757269658,2,26,87,"{'classifier__l2_regularization': 0.1493429322840837, 'classifier__learning_rate': 0.005017354757269658, 'classifier__max_bins': 2, 'classifier__max_leaf_nodes': 26, 'classifier__min_samples_leaf': 87}",0.7589736590691961,0.758940758940759,0.758940758940759,0.758940758940759,0.758940758940759,0.7589473389664464,1.316005137486087e-05,122
22,1.239537525177002,0.15999338523056758,0.06263089179992676,0.011739974540377998,124.6222036749827,0.30010933638549064,49,56,45,"{'classifier__l2_regularization': 124.6222036749827, 'classifier__learning_rate': 0.30010933638549064, 'classifier__max_bins': 49, 'classifier__max_leaf_nodes': 56, 'classifier__min_samples_leaf': 45}",0.8543742322915245,0.857084357084357,0.8517608517608518,0.8513513513513513,0.8528528528528528,0.8534847290681876,0.002081867375413977,33
23,0.24522747993469238,0.010114672744181544,0.045466136932373044,0.014094724317605766,64.56645890533478,4.2246539069291655,4,33,2,"{'classifier__l2_regularization': 64.56645890533478, 'classifier__learning_rate': 4.2246539069291655, 'classifier__max_bins': 4, 'classifier__max_leaf_nodes': 33, 'classifier__min_samples_leaf': 2}",0.6915517947318138,0.7465192465192465,0.7497952497952498,0.6642096642096642,0.6109746109746109,0.6926101132461171,0.05224633052583492,176
24,1.141339159011841,0.027172129549056317,0.06885008811950684,0.016291756829351668,0.4434297153322508,0.0011335997248663526,137,31,4,"{'classifier__l2_regularization': 0.4434297153322508, 'classifier__learning_rate': 0.0011335997248663526, 'classifier__max_bins': 137, 'classifier__max_leaf_nodes': 31, 'classifier__min_samples_leaf': 4}",0.7589736590691961,0.758940758940759,0.758940758940759,0.758940758940759,0.758940758940759,0.7589473389664464,1.316005137486087e-05,122
25,0.19694929122924804,0.014062939076167902,0.04289231300354004,0.005511332664910773,0.0008045767359224416,7.270880586260449,17,4,56,"{'classifier__l2_regularization': 0.0008045767359224416, 'classifier__learning_rate': 7.270880586260449, 'classifier__max_bins': 17, 'classifier__max_leaf_nodes': 4, 'classifier__min_samples_leaf': 56}",0.29466357308584684,0.28624078624078625,0.2802347802347802,0.2972972972972973,0.2938847938847939,0.2904642461487009,0.0063008676865506826,196
26,1.810985517501831,0.023521962042503706,0.07258200645446777,0.012927922052163697,8.208168523077281e-05,0.0033829335391331174,86,62,14,"{'classifier__l2_regularization': 8.208168523077281e-05, 'classifier__learning_rate': 0.0033829335391331174, 'classifier__max_bins': 86, 'classifier__max_leaf_nodes': 62, 'classifier__min_samples_leaf': 14}",0.7589736590691961,0.758940758940759,0.758940758940759,0.758940758940759,0.758940758940759,0.7589473389664464,1.316005137486087e-05,122
27,0.5982139110565186,0.017976467985833328,0.07124309539794922,0.0047918045462582905,249.78839795185198,0.023065096175842955,9,9,7,"{'classifier__l2_regularization': 249.78839795185198, 'classifier__learning_rate': 0.023065096175842955, 'classifier__max_bins': 9, 'classifier__max_leaf_nodes': 9, 'classifier__min_samples_leaf': 7}",0.8304899686092534,0.8162708162708163,0.8132678132678133,0.8087633087633087,0.8134043134043134,0.816439244063101,0.0074248230728093285,84
28,0.46088552474975586,0.09984121163679435,0.05257725715637207,0.004354999039841815,212.21351455282868,1.5513656303350192,43,27,1,"{'classifier__l2_regularization': 212.21351455282868, 'classifier__learning_rate': 1.5513656303350192, 'classifier__max_bins': 43, 'classifier__max_leaf_nodes': 27, 'classifier__min_samples_leaf': 1}",0.8525999727036987,0.8505323505323505,0.8476658476658476,0.8521703521703522,0.8502593502593503,0.8506455746663197,0.0017427208680513737,46
29,0.23231987953186034,0.025581709466843308,0.04740290641784668,0.007364812721942881,6.647572456396906,2.373729034326098,6,22,8,"{'classifier__l2_regularization': 6.647572456396906, 'classifier__learning_rate': 2.373729034326098, 'classifier__max_bins': 6, 'classifier__max_leaf_nodes': 22, 'classifier__min_samples_leaf': 8}",0.7262180974477959,0.7134862134862134,0.5395850395850396,0.6552006552006552,0.7555282555282555,0.6780036522495919,0.07651587808760817,181
30,0.9871759414672852,0.014118619723413633,0.07410898208618164,0.002247054345547921,4.209918119297274e-06,0.0011941524415724585,21,27,34,"{'classifier__l2_regularization': 4.209918119297274e-06, 'classifier__learning_rate': 0.0011941524415724585, 'classifier__max_bins': 21, 'classifier__max_leaf_nodes': 27, 'classifier__min_samples_leaf': 34}",0.7589736590691961,0.758940758940759,0.758940758940759,0.758940758940759,0.758940758940759,0.7589473389664464,1.316005137486087e-05,122
31,0.4156344413757324,0.01367233846931388,0.06471967697143555,0.005994843639963556,92.68500107381504,0.00397927985552444,5,2,1,"{'classifier__l2_regularization': 92.68500107381504, 'classifier__learning_rate': 0.00397927985552444, 'classifier__max_bins': 5, 'classifier__max_leaf_nodes': 2, 'classifier__min_samples_leaf': 1}",0.7589736590691961,0.758940758940759,0.758940758940759,0.758940758940759,0.758940758940759,0.7589473389664464,1.316005137486087e-05,122
32,0.8629331111907959,0.037405050514007526,0.0724684715270996,0.008684238218877953,15.562630402702792,0.007495730852544344,18,21,19,"{'classifier__l2_regularization': 15.562630402702792, 'classifier__learning_rate': 0.007495730852544344, 'classifier__max_bins': 18, 'classifier__max_leaf_nodes': 21, 'classifier__min_samples_leaf': 19}",0.7967790364405622,0.794976794976795,0.7934752934752934,0.7953862953862953,0.7964782964782965,0.7954191433514485,0.0011786787496457691,107
33,0.36987972259521484,0.01729845707129474,0.04489593505859375,0.009393326089480078,2.1721803748453505e-05,1.9412765858160583,30,83,60,"{'classifier__l2_regularization': 2.1721803748453505e-05, 'classifier__learning_rate': 1.9412765858160583, 'classifier__max_bins': 30, 'classifier__max_leaf_nodes': 83, 'classifier__min_samples_leaf': 60}",0.7698921796096629,0.7844662844662844,0.7203112203112203,0.6868686868686869,0.7917007917007917,0.7506478325913293,0.040465954838030484,163
34,0.6742095947265625,0.010468938056907566,0.06145000457763672,0.004837877876465292,166.06887949182013,0.05183366983655124,15,12,2,"{'classifier__l2_regularization': 166.06887949182013, 'classifier__learning_rate': 0.05183366983655124, 'classifier__max_bins': 15, 'classifier__max_leaf_nodes': 12, 'classifier__min_samples_leaf': 2}",0.841544970656476,0.8493038493038493,0.84998634998635,0.8441168441168441,0.8438438438438438,0.8457591715814725,0.0033033009763574635,55
35,0.7242976188659668,0.08881119932484288,0.06150918006896973,0.005942221529913399,0.06999564123658031,0.20202171510418826,71,17,56,"{'classifier__l2_regularization': 0.06999564123658031, 'classifier__learning_rate': 0.20202171510418826, 'classifier__max_bins': 71, 'classifier__max_leaf_nodes': 17, 'classifier__min_samples_leaf': 56}",0.855602565852327,0.8617253617253617,0.858995358995359,0.8555828555828556,0.8598143598143598,0.8583441003940526,0.0024149208380491926,15
36,0.7845556259155273,0.12287910605653536,0.06266226768493652,0.00486746840127565,347.4685698450414,1.0923243842294608,38,30,4,"{'classifier__l2_regularization': 347.4685698450414, 'classifier__learning_rate': 1.0923243842294608, 'classifier__max_bins': 38, 'classifier__max_leaf_nodes': 30, 'classifier__min_samples_leaf': 4}",0.8508257131158729,0.8574938574938575,0.8562653562653563,0.8525798525798526,0.8538083538083538,0.8541946266526587,0.002419881224656011,28
37,1.970451021194458,0.121627149082935,0.07375612258911132,0.006585631653916014,6.201100495789796,0.007388753782767188,56,67,38,"{'classifier__l2_regularization': 6.201100495789796, 'classifier__learning_rate': 0.007388753782767188, 'classifier__max_bins': 56, 'classifier__max_leaf_nodes': 67, 'classifier__min_samples_leaf': 38}",0.8232564487511942,0.8181818181818182,0.8205023205023205,0.8149058149058149,0.819000819000819,0.8191694442683934,0.0027445414847143824,82
38,0.610071325302124,0.0036632228769027182,0.06897468566894531,0.005952160924895295,1.292807463637236,0.013585315715922069,65,8,30,"{'classifier__l2_regularization': 1.292807463637236, 'classifier__learning_rate': 0.013585315715922069, 'classifier__max_bins': 65, 'classifier__max_leaf_nodes': 8, 'classifier__min_samples_leaf': 30}",0.8224375597106592,0.8121758121758121,0.8173628173628174,0.8131313131313131,0.8143598143598143,0.8158934633480832,0.003709088343547663,86
39,0.7609529018402099,0.12018991285190553,0.058957576751708984,0.005282809738411252,254.40159446822227,1.4969500428380607,125,46,32,"{'classifier__l2_regularization': 254.40159446822227, 'classifier__learning_rate': 1.4969500428380607, 'classifier__max_bins': 125, 'classifier__max_leaf_nodes': 46, 'classifier__min_samples_leaf': 32}",0.8614712706428279,0.8591318591318591,0.8617253617253617,0.8595413595413596,0.8634998634998635,0.8610739429082545,0.0015866825575241304,13
40,0.3147874355316162,0.042445987903437885,0.04508018493652344,0.005938227779286322,0.4081885921460451,8.298712875697131,16,153,10,"{'classifier__l2_regularization': 0.4081885921460451, 'classifier__learning_rate': 8.298712875697131, 'classifier__max_bins': 16, 'classifier__max_leaf_nodes': 153, 'classifier__min_samples_leaf': 10}",0.6643919748874028,0.6552006552006552,0.7080262080262081,0.7537537537537538,0.7017472017472017,0.6966239587230443,0.035142177636555146,174
41,0.18787007331848143,0.010657577313319391,0.06122274398803711,0.028210496968758464,0.0004960904804379154,3.8771883839313124,219,18,2,"{'classifier__l2_regularization': 0.0004960904804379154, 'classifier__learning_rate': 3.8771883839313124, 'classifier__max_bins': 219, 'classifier__max_leaf_nodes': 18, 'classifier__min_samples_leaf': 2}",0.550293435239525,0.6962871962871963,0.7521157521157521,0.7586677586677587,0.7533442533442534,0.7021416791308972,0.07925461928094575,171
42,0.555217695236206,0.03917261713585962,0.06935181617736816,0.013034111287075281,8.821944581903715e-06,0.09077969919902376,87,5,2,"{'classifier__l2_regularization': 8.821944581903715e-06, 'classifier__learning_rate': 0.09077969919902376, 'classifier__max_bins': 87, 'classifier__max_leaf_nodes': 5, 'classifier__min_samples_leaf': 2}",0.8509621946226287,0.8644553644553644,0.8574938574938575,0.8535353535353535,0.857084357084357,0.8567062254383122,0.004557648997866315,18
43,0.8781219482421875,0.01821854823701406,0.07164416313171387,0.007055986747436504,115.53334797636731,0.0027780871783731013,3,22,1,"{'classifier__l2_regularization': 115.53334797636731, 'classifier__learning_rate': 0.0027780871783731013, 'classifier__max_bins': 3, 'classifier__max_leaf_nodes': 22, 'classifier__min_samples_leaf': 1}",0.7589736590691961,0.758940758940759,0.758940758940759,0.758940758940759,0.758940758940759,0.7589473389664464,1.316005137486087e-05,122
44,2.8111807346343993,0.06157062461515594,0.07680020332336426,0.006708381869041382,5.163178500007963e-05,0.0015205905548830124,8,108,17,"{'classifier__l2_regularization': 5.163178500007963e-05, 'classifier__learning_rate': 0.0015205905548830124, 'classifier__max_bins': 8, 'classifier__max_leaf_nodes': 108, 'classifier__min_samples_leaf': 17}",0.7589736590691961,0.758940758940759,0.758940758940759,0.758940758940759,0.758940758940759,0.7589473389664464,1.316005137486087e-05,122
45,1.3917694568634034,0.07772170063971143,0.05869870185852051,0.006955727037199947,0.16236112039496198,0.1688812510265423,163,70,1,"{'classifier__l2_regularization': 0.16236112039496198, 'classifier__learning_rate': 0.1688812510265423, 'classifier__max_bins': 163, 'classifier__max_leaf_nodes': 70, 'classifier__min_samples_leaf': 1}",0.8662481233792821,0.8697788697788698,0.8723723723723724,0.8675948675948676,0.87005187005187,0.8692092206354524,0.002117277487553752,2
46,0.3751524448394775,0.052231902666022643,0.06087384223937988,0.00709951663251083,0.0009355612938235714,0.31599129252141417,19,6,31,"{'classifier__l2_regularization': 0.0009355612938235714, 'classifier__learning_rate': 0.31599129252141417, 'classifier__max_bins': 19, 'classifier__max_leaf_nodes': 6, 'classifier__min_samples_leaf': 31}",0.8491879350348028,0.8568113568113568,0.8542178542178542,0.8505323505323505,0.8553098553098553,0.853211870381244,0.0028893504146683116,36
47,0.20059452056884766,0.02721022743739449,0.041622066497802736,0.011829652471455145,0.1557438365264374,2.4202969736120474,3,11,25,"{'classifier__l2_regularization': 0.1557438365264374, 'classifier__learning_rate': 2.4202969736120474, 'classifier__max_bins': 3, 'classifier__max_leaf_nodes': 11, 'classifier__min_samples_leaf': 25}",0.749146990582776,0.5232050232050232,0.7717717717717718,0.723996723996724,0.5853125853125853,0.6706866189737761,0.09824026877086016,183
48,0.1780104637145996,0.007512455200590814,0.046843528747558594,0.006773541581728953,5.8229188672895166e-05,9.596708166660829,3,3,1,"{'classifier__l2_regularization': 5.8229188672895166e-05, 'classifier__learning_rate': 9.596708166660829, 'classifier__max_bins': 3, 'classifier__max_leaf_nodes': 3, 'classifier__min_samples_leaf': 1}",0.2845639415859151,0.2798252798252798,0.27559377559377557,0.28883428883428885,0.28856128856128854,0.2834757148801096,0.005122738620217165,198
49,0.44223732948303224,0.020284762477151816,0.057414913177490236,0.00375637599449178,0.0003802227148334369,0.15096660714013926,2,3,54,"{'classifier__l2_regularization': 0.0003802227148334369, 'classifier__learning_rate': 0.15096660714013926, 'classifier__max_bins': 2, 'classifier__max_leaf_nodes': 3, 'classifier__min_samples_leaf': 54}",0.802784222737819,0.8022113022113022,0.8023478023478023,0.7960687960687961,0.8037128037128037,0.8014249854157047,0.002729112975730819,102
50,0.4744284152984619,0.009723941034885598,0.06325058937072754,0.004897497735783036,0.027335400729067635,0.0011697656710878087,49,4,52,"{'classifier__l2_regularization': 0.027335400729067635, 'classifier__learning_rate': 0.0011697656710878087, 'classifier__max_bins': 49, 'classifier__max_leaf_nodes': 4, 'classifier__min_samples_leaf': 52}",0.7589736590691961,0.758940758940759,0.758940758940759,0.758940758940759,0.758940758940759,0.7589473389664464,1.316005137486087e-05,122
51,0.27110018730163576,0.04178374082376645,0.04986124038696289,0.0037396783211528103,1.0033329068489495e-06,0.6934415007988679,164,8,4,"{'classifier__l2_regularization': 1.0033329068489495e-06, 'classifier__learning_rate': 0.6934415007988679, 'classifier__max_bins': 164, 'classifier__max_leaf_nodes': 8, 'classifier__min_samples_leaf': 4}",0.8655657158455029,0.8671853671853672,0.8678678678678678,0.8628173628173628,0.8675948675948676,0.8662062362621936,0.0018731120396309217,4
52,0.37391085624694825,0.061487711620199184,0.0516756534576416,0.010866297297664475,0.000402350555616427,0.7360942089295625,90,5,55,"{'classifier__l2_regularization': 0.000402350555616427, 'classifier__learning_rate': 0.7360942089295625, 'classifier__max_bins': 90, 'classifier__max_leaf_nodes': 5, 'classifier__min_samples_leaf': 55}",0.8565579363996179,0.8654108654108654,0.8639093639093639,0.8584493584493584,0.8613158613158614,0.8611286770970134,0.0032916504302236012,11
53,0.6813880443572998,0.039237378175158766,0.061559438705444336,0.011345294654531143,0.00022031449518867107,0.005454437592352783,180,10,4,"{'classifier__l2_regularization': 0.00022031449518867107, 'classifier__learning_rate': 0.005454437592352783, 'classifier__max_bins': 180, 'classifier__max_leaf_nodes': 10, 'classifier__min_samples_leaf': 4}",0.8053773713661799,0.810947310947311,0.8117663117663118,0.8151788151788152,0.8162708162708163,0.8119081251058867,0.003829477954839351,88
54,0.5557383060455322,0.022944614032631996,0.06506214141845704,0.003947390144912048,18.672934184357175,0.0023570427710827946,183,7,70,"{'classifier__l2_regularization': 18.672934184357175, 'classifier__learning_rate': 0.0023570427710827946, 'classifier__max_bins': 183, 'classifier__max_leaf_nodes': 7, 'classifier__min_samples_leaf': 70}",0.7589736590691961,0.758940758940759,0.758940758940759,0.758940758940759,0.758940758940759,0.7589473389664464,1.316005137486087e-05,122
55,0.42105579376220703,0.045202903848739415,0.05697507858276367,0.009154818406072365,0.00035182861766473007,0.49817432122240307,24,3,10,"{'classifier__l2_regularization': 0.00035182861766473007, 'classifier__learning_rate': 0.49817432122240307, 'classifier__max_bins': 24, 'classifier__max_leaf_nodes': 3, 'classifier__min_samples_leaf': 10}",0.8520540466766753,0.8594048594048594,0.8553098553098553,0.8544908544908545,0.8561288561288561,0.85547769440222,0.002390398430070145,24
56,0.9354666233062744,0.019578702923765765,0.07580647468566895,0.0069964835009497725,0.15232021286828426,0.0013421719780508717,2,25,18,"{'classifier__l2_regularization': 0.15232021286828426, 'classifier__learning_rate': 0.0013421719780508717, 'classifier__max_bins': 2, 'classifier__max_leaf_nodes': 25, 'classifier__min_samples_leaf': 18}",0.7589736590691961,0.758940758940759,0.758940758940759,0.758940758940759,0.758940758940759,0.7589473389664464,1.316005137486087e-05,122
57,0.34157562255859375,0.02404087346568254,0.04633646011352539,0.008729777818111685,2.0268891183284862e-05,0.3684268305692476,30,21,2,"{'classifier__l2_regularization': 2.0268891183284862e-05, 'classifier__learning_rate': 0.3684268305692476, 'classifier__max_bins': 30, 'classifier__max_leaf_nodes': 21, 'classifier__min_samples_leaf': 2}",0.8527364542104545,0.8564018564018564,0.8502593502593503,0.849030849030849,0.8506688506688507,0.8518194721142722,0.002583541388795115,42
58,0.8793133735656739,0.06754890955194719,0.06281757354736328,0.006296003146425057,80.63347430327549,0.28351505164119845,25,39,2,"{'classifier__l2_regularization': 80.63347430327549, 'classifier__learning_rate': 0.28351505164119845, 'classifier__max_bins': 25, 'classifier__max_leaf_nodes': 39, 'classifier__min_samples_leaf': 2}",0.851508120649652,0.8572208572208572,0.8524433524433525,0.8524433524433525,0.8540813540813541,0.8535394073677136,0.002018691545880288,32
59,0.1896740436553955,0.011857801242535252,0.05482096672058105,0.006768027855713319,440.02069834802677,2.1372600243741573,68,7,75,"{'classifier__l2_regularization': 440.02069834802677, 'classifier__learning_rate': 2.1372600243741573, 'classifier__max_bins': 68, 'classifier__max_leaf_nodes': 7, 'classifier__min_samples_leaf': 75}",0.8126108912242391,0.8026208026208026,0.8000273000273,0.8035763035763036,0.8098553098553098,0.8057381214607912,0.004715735769917211,99
60,0.7966681003570557,0.06109739043487883,0.05621614456176758,0.005747285203245971,0.037719334257922385,0.3170088308814032,15,137,77,"{'classifier__l2_regularization': 0.037719334257922385, 'classifier__learning_rate': 0.3170088308814032, 'classifier__max_bins': 15, 'classifier__max_leaf_nodes': 137, 'classifier__min_samples_leaf': 77}",0.8444110822983486,0.8486213486213486,0.838929838929839,0.8357903357903358,0.8454818454818455,0.8426468902243436,0.004640523831552947,61
61,0.7028531074523926,0.020337102938424997,0.06035451889038086,0.01098771535456567,0.0037027149061338404,0.035421271129326325,41,12,2,"{'classifier__l2_regularization': 0.0037027149061338404, 'classifier__learning_rate': 0.035421271129326325, 'classifier__max_bins': 41, 'classifier__max_leaf_nodes': 12, 'classifier__min_samples_leaf': 2}",0.8513716391428962,0.8573573573573574,0.8542178542178542,0.8501228501228502,0.852989352989353,0.8532118107660622,0.0024970012770493275,37
62,0.5950541973114014,0.024243309475844486,0.067364501953125,0.00379056061612137,0.05052874295202923,0.023202709797615583,51,7,1,"{'classifier__l2_regularization': 0.05052874295202923, 'classifier__learning_rate': 0.023202709797615583, 'classifier__max_bins': 51, 'classifier__max_leaf_nodes': 7, 'classifier__min_samples_leaf': 1}",0.8435921932578135,0.8372918372918373,0.8453453453453453,0.8411138411138411,0.8427518427518428,0.8420190119521361,0.0027291738222319627,63
63,0.548472547531128,0.01999099558196345,0.05037398338317871,0.004436754315232893,1.0203585039658885,1.7478999277547755,2,176,18,"{'classifier__l2_regularization': 1.0203585039658885, 'classifier__learning_rate': 1.7478999277547755, 'classifier__max_bins': 2, 'classifier__max_leaf_nodes': 176, 'classifier__min_samples_leaf': 18}",0.7612938446840453,0.7777777777777778,0.7592137592137592,0.7749112749112749,0.7728637728637728,0.769212085890126,0.007508018791818412,118
64,0.3174537181854248,0.02896467761362439,0.05103845596313476,0.006072113294121916,5.18873364297042e-06,0.7349537559330418,68,36,25,"{'classifier__l2_regularization': 5.18873364297042e-06, 'classifier__learning_rate': 0.7349537559330418, 'classifier__max_bins': 68, 'classifier__max_leaf_nodes': 36, 'classifier__min_samples_leaf': 25}",0.8475501569537328,0.855036855036855,0.8502593502593503,0.8483483483483484,0.8475293475293475,0.8497448116255268,0.0028264951246189628,50
65,0.4204679489135742,0.01122283325277807,0.06025762557983398,0.006526953545246063,0.0012492767920268958,0.008780160901743623,126,2,15,"{'classifier__l2_regularization': 0.0012492767920268958, 'classifier__learning_rate': 0.008780160901743623, 'classifier__max_bins': 126, 'classifier__max_leaf_nodes': 2, 'classifier__min_samples_leaf': 15}",0.7914562576770847,0.7866502866502867,0.7854217854217854,0.786923286923287,0.786923286923287,0.7874749807191461,0.0020666412141882697,114
66,0.1521402359008789,0.012406972602550984,0.04819068908691406,0.0075864405343313655,0.016136492318459147,4.665025380746543,97,2,1,"{'classifier__l2_regularization': 0.016136492318459147, 'classifier__learning_rate': 4.665025380746543, 'classifier__max_bins': 97, 'classifier__max_leaf_nodes': 2, 'classifier__min_samples_leaf': 1}",0.2845639415859151,0.2798252798252798,0.27559377559377557,0.28883428883428885,0.28856128856128854,0.2834757148801096,0.005122738620217165,198
67,0.42226505279541016,0.012961519939160508,0.05289926528930664,0.003897280158758675,5.3592449650369325,0.3707393517470631,8,2,15,"{'classifier__l2_regularization': 5.3592449650369325, 'classifier__learning_rate': 0.3707393517470631, 'classifier__max_bins': 8, 'classifier__max_leaf_nodes': 2, 'classifier__min_samples_leaf': 15}",0.8396342295618944,0.8463008463008463,0.8475293475293475,0.8377013377013377,0.8393393393393394,0.842101020086553,0.004004358130570025,62
68,0.17364959716796874,0.007441150811186617,0.044228553771972656,0.0051030553134936785,0.020807004394394864,1.587650104033884,7,2,36,"{'classifier__l2_regularization': 0.020807004394394864, 'classifier__learning_rate': 1.587650104033884, 'classifier__max_bins': 7, 'classifier__max_leaf_nodes': 2, 'classifier__min_samples_leaf': 36}",0.4969291660979937,0.5110565110565111,0.5641550641550641,0.6388206388206388,0.5146055146055146,0.5451133789471444,0.0520690978098444,194
69,0.19077663421630858,0.01199912539177922,0.04691891670227051,0.003556458217719464,0.00030134861388192387,1.9646453295583117,17,14,62,"{'classifier__l2_regularization': 0.00030134861388192387, 'classifier__learning_rate': 1.9646453295583117, 'classifier__max_bins': 17, 'classifier__max_leaf_nodes': 14, 'classifier__min_samples_leaf': 62}",0.773031254265047,0.7783237783237783,0.6949221949221949,0.7533442533442534,0.7608517608517609,0.7520946483414069,0.029910689358114247,162
70,2.6504688262939453,0.07541818733826693,0.08118352890014649,0.006574464235751118,0.022823897030729453,0.0077170204210311785,37,96,1,"{'classifier__l2_regularization': 0.022823897030729453, 'classifier__learning_rate': 0.0077170204210311785, 'classifier__max_bins': 37, 'classifier__max_leaf_nodes': 96, 'classifier__min_samples_leaf': 1}",0.8304899686092534,0.8325143325143325,0.8297843297843298,0.8295113295113296,0.8297843297843298,0.8304168580407151,0.0010977167421963932,73
71,0.2865289211273193,0.026378521458991673,0.05099143981933594,0.008382890272221005,2.69320594839925e-06,0.530951551227528,24,10,28,"{'classifier__l2_regularization': 2.69320594839925e-06, 'classifier__learning_rate': 0.530951551227528, 'classifier__max_bins': 24, 'classifier__max_leaf_nodes': 10, 'classifier__min_samples_leaf': 28}",0.8506892316091169,0.8574938574938575,0.8565383565383565,0.8518973518973519,0.8538083538083538,0.8540854302694074,0.002608940286513253,29
72,0.2188143253326416,0.010731161367199349,0.04893488883972168,0.004925897137907571,4.5850658101241454e-05,7.00879628882048,10,16,15,"{'classifier__l2_regularization': 4.5850658101241454e-05, 'classifier__learning_rate': 7.00879628882048, 'classifier__max_bins': 10, 'classifier__max_leaf_nodes': 16, 'classifier__min_samples_leaf': 15}",0.7068377234884673,0.7293202293202293,0.5012285012285013,0.24105924105924106,0.6919191919191919,0.5740729774031261,0.18537550194648392,191
73,0.40752925872802737,0.05146717129780114,0.05275382995605469,0.007876521684406715,0.38403088118243983,0.3371002540222738,27,15,5,"{'classifier__l2_regularization': 0.38403088118243983, 'classifier__learning_rate': 0.3371002540222738, 'classifier__max_bins': 27, 'classifier__max_leaf_nodes': 15, 'classifier__min_samples_leaf': 5}",0.8535553432509895,0.8561288561288561,0.84998634998635,0.8506688506688507,0.8540813540813541,0.8528841508232802,0.0022678938203063376,38
74,0.5165380001068115,0.04931493110717239,0.0558133602142334,0.010817886326586664,0.002303045495563369,0.245946798790648,63,32,10,"{'classifier__l2_regularization': 0.002303045495563369, 'classifier__learning_rate': 0.245946798790648, 'classifier__max_bins': 63, 'classifier__max_leaf_nodes': 32, 'classifier__min_samples_leaf': 10}",0.8590146035212228,0.8644553644553644,0.8637728637728638,0.85995085995086,0.8622713622713623,0.8618930107943346,0.0021118632377101943,9
75,1.5064032554626465,0.03561850962718144,0.07327065467834473,0.008598238848874723,2.140784016818262e-05,0.022609243334692473,3,51,82,"{'classifier__l2_regularization': 2.140784016818262e-05, 'classifier__learning_rate': 0.022609243334692473, 'classifier__max_bins': 3, 'classifier__max_leaf_nodes': 51, 'classifier__min_samples_leaf': 82}",0.8074245939675174,0.8106743106743107,0.8078078078078078,0.806033306033306,0.8061698061698062,0.8076219649305496,0.001674688602082645,95
76,0.33229622840881345,0.009131075250281707,0.04623403549194336,0.009992907058693705,0.0337752804098294,0.7677057689655868,48,48,12,"{'classifier__l2_regularization': 0.0337752804098294, 'classifier__learning_rate': 0.7677057689655868, 'classifier__max_bins': 48, 'classifier__max_leaf_nodes': 48, 'classifier__min_samples_leaf': 12}",0.8429097857240344,0.8439803439803439,0.846027846027846,0.8386568386568387,0.8464373464373465,0.8436024321652817,0.002792878189895331,60
77,1.225920820236206,0.06927230341524691,0.07013092041015626,0.008474437542312028,0.00041794964266311216,0.018534130330758986,28,36,28,"{'classifier__l2_regularization': 0.00041794964266311216, 'classifier__learning_rate': 0.018534130330758986, 'classifier__max_bins': 28, 'classifier__max_leaf_nodes': 36, 'classifier__min_samples_leaf': 28}",0.8479596014740003,0.8557193557193558,0.8544908544908545,0.8488943488943489,0.8491673491673492,0.8512463019491818,0.0031997330851597006,44
78,0.5001725196838379,0.05784468068780137,0.06260409355163574,0.003947922518065719,0.6931314881744738,0.22322463046049174,17,4,3,"{'classifier__l2_regularization': 0.6931314881744738, 'classifier__learning_rate': 0.22322463046049174, 'classifier__max_bins': 17, 'classifier__max_leaf_nodes': 4, 'classifier__min_samples_leaf': 3}",0.8475501569537328,0.852989352989353,0.8531258531258531,0.8494403494403494,0.8527163527163527,0.8511644130451282,0.002263687793885593,45
79,0.17495203018188477,0.009684766941461547,0.04987754821777344,0.0035620605938148733,0.021660823383407288,3.733216201359392,20,8,19,"{'classifier__l2_regularization': 0.021660823383407288, 'classifier__learning_rate': 3.733216201359392, 'classifier__max_bins': 20, 'classifier__max_leaf_nodes': 8, 'classifier__min_samples_leaf': 19}",0.7477821755152176,0.708981708981709,0.7387387387387387,0.7376467376467376,0.7347802347802348,0.7335859191325275,0.013048900637176886,168
80,0.2374091625213623,0.00499547644773117,0.04176154136657715,0.004676712016535369,0.18546961436948417,1.1478687344637302,29,13,1,"{'classifier__l2_regularization': 0.18546961436948417, 'classifier__learning_rate': 1.1478687344637302, 'classifier__max_bins': 29, 'classifier__max_leaf_nodes': 13, 'classifier__min_samples_leaf': 1}",0.8464583048996861,0.846983346983347,0.8484848484848485,0.8423423423423423,0.8435708435708436,0.8455679372562134,0.002267040188813616,56
81,0.8104373455047608,0.14883303317115973,0.05353941917419434,0.005741981277688986,0.008635734975398667,0.23565457704093418,51,64,69,"{'classifier__l2_regularization': 0.008635734975398667, 'classifier__learning_rate': 0.23565457704093418, 'classifier__max_bins': 51, 'classifier__max_leaf_nodes': 64, 'classifier__min_samples_leaf': 69}",0.8508257131158729,0.8533988533988534,0.8555828555828556,0.8524433524433525,0.8558558558558559,0.853621326079358,0.0019022770112393523,30
82,0.433316707611084,0.025427811690702597,0.059964323043823244,0.005411413847692818,0.00042795241978564586,0.26337502237929195,3,3,1,"{'classifier__l2_regularization': 0.00042795241978564586, 'classifier__learning_rate': 0.26337502237929195, 'classifier__max_bins': 3, 'classifier__max_leaf_nodes': 3, 'classifier__min_samples_leaf': 1}",0.8097447795823666,0.8091728091728092,0.8079443079443079,0.8063063063063063,0.8082173082173082,0.8082771022446197,0.0011793838791027448,94
83,0.5667105197906495,0.014236281890573185,0.06715059280395508,0.004462675342923379,46.186263399330336,0.00432918136684723,2,8,5,"{'classifier__l2_regularization': 46.186263399330336, 'classifier__learning_rate': 0.00432918136684723, 'classifier__max_bins': 2, 'classifier__max_leaf_nodes': 8, 'classifier__min_samples_leaf': 5}",0.7589736590691961,0.758940758940759,0.758940758940759,0.758940758940759,0.758940758940759,0.7589473389664464,1.316005137486087e-05,122
84,0.4807612895965576,0.017712944298701665,0.06011490821838379,0.006416373348687119,0.00014645180980045404,0.044330862559425435,8,4,2,"{'classifier__l2_regularization': 0.00014645180980045404, 'classifier__learning_rate': 0.044330862559425435, 'classifier__max_bins': 8, 'classifier__max_leaf_nodes': 4, 'classifier__min_samples_leaf': 2}",0.8336290432646376,0.8323778323778324,0.8359268359268359,0.8322413322413322,0.8315588315588316,0.8331467750738939,0.0015423349282017865,71
85,0.26143841743469237,0.01211513711132407,0.05798516273498535,0.008702784653645894,1.8056125139760055e-06,1.0364760919385847,99,32,13,"{'classifier__l2_regularization': 1.8056125139760055e-06, 'classifier__learning_rate': 1.0364760919385847, 'classifier__max_bins': 99, 'classifier__max_leaf_nodes': 32, 'classifier__min_samples_leaf': 13}",0.847277193940221,0.846983346983347,0.8506688506688507,0.8417963417963418,0.8502593502593503,0.8473970167296223,0.0031765040667190068,53
86,4.905288219451904,0.21226378844209504,0.07926054000854492,0.004827604890365367,5.544089683737846e-06,0.027676025193081565,2,205,20,"{'classifier__l2_regularization': 5.544089683737846e-06, 'classifier__learning_rate': 0.027676025193081565, 'classifier__max_bins': 2, 'classifier__max_leaf_nodes': 205, 'classifier__min_samples_leaf': 20}",0.8038760747918657,0.7996177996177997,0.8038493038493039,0.7967512967512967,0.7983892983892984,0.8004967546799129,0.0028948844351832674,103
87,4.404658937454224,0.03917923982012393,0.0862894058227539,0.005082140129478825,0.0012079395071082973,0.01803268899957162,190,160,2,"{'classifier__l2_regularization': 0.0012079395071082973, 'classifier__learning_rate': 0.01803268899957162, 'classifier__max_bins': 190, 'classifier__max_leaf_nodes': 160, 'classifier__min_samples_leaf': 2}",0.8613347891360721,0.8655473655473656,0.8673218673218673,0.8624078624078624,0.8660933660933661,0.8645410501013068,0.0022797324072353735,7
88,0.19893393516540528,0.010053506465725125,0.04399957656860352,0.0031574392355847797,0.01480665625483408,2.018101883603611,2,11,1,"{'classifier__l2_regularization': 0.01480665625483408, 'classifier__learning_rate': 2.018101883603611, 'classifier__max_bins': 2, 'classifier__max_leaf_nodes': 11, 'classifier__min_samples_leaf': 1}",0.7367271734679951,0.6476931476931477,0.6057876057876058,0.7078897078897078,0.699017199017199,0.6794229667711311,0.04670547976046808,179
89,0.7100203990936279,0.06591292326924887,0.05327425003051758,0.006373068246763948,110.7003039951339,1.1032612600662446,3,128,2,"{'classifier__l2_regularization': 110.7003039951339, 'classifier__learning_rate': 1.1032612600662446, 'classifier__max_bins': 3, 'classifier__max_leaf_nodes': 128, 'classifier__min_samples_leaf': 2}",0.8082434830080524,0.8083538083538083,0.8050778050778051,0.8057603057603058,0.8013923013923014,0.8057655407184546,0.0025470593735841926,98
90,0.9978036403656005,0.01644621656675385,0.0728447437286377,0.004713248182378228,317.1327470354743,0.011348276181080008,3,40,92,"{'classifier__l2_regularization': 317.1327470354743, 'classifier__learning_rate': 0.011348276181080008, 'classifier__max_bins': 3, 'classifier__max_leaf_nodes': 40, 'classifier__min_samples_leaf': 92}",0.7589736590691961,0.758940758940759,0.758940758940759,0.758940758940759,0.758940758940759,0.7589473389664464,1.316005137486087e-05,122
91,1.0638832092285155,0.07659667679184132,0.04686040878295898,0.011677279810172131,0.4827722117651492,0.4686672005443379,2,240,9,"{'classifier__l2_regularization': 0.4827722117651492, 'classifier__learning_rate': 0.4686672005443379, 'classifier__max_bins': 2, 'classifier__max_leaf_nodes': 240, 'classifier__min_samples_leaf': 9}",0.8053773713661799,0.7962052962052962,0.8004368004368004,0.795932295932296,0.799071799071799,0.7994047126024744,0.0034392624860049444,104
92,0.3869482517242432,0.019043601739493803,0.046067333221435545,0.007501564649868273,5.975931639787228,2.741946682577951,62,81,3,"{'classifier__l2_regularization': 5.975931639787228, 'classifier__learning_rate': 2.741946682577951, 'classifier__max_bins': 62, 'classifier__max_leaf_nodes': 81, 'classifier__min_samples_leaf': 3}",0.8007370001364815,0.7846027846027847,0.7907452907452908,0.7682227682227682,0.7646737646737647,0.781796321676218,0.013595093922061924,115
93,0.44144763946533205,0.011883827090609981,0.0536799430847168,0.007656530121583884,0.17525694061627645,0.07013780116586665,2,2,68,"{'classifier__l2_regularization': 0.17525694061627645, 'classifier__learning_rate': 0.07013780116586665, 'classifier__max_bins': 2, 'classifier__max_leaf_nodes': 2, 'classifier__min_samples_leaf': 68}",0.796233110413539,0.7929292929292929,0.7893802893802894,0.7914277914277914,0.7932022932022932,0.7926345554706412,0.002254121612533654,110
94,0.3127100944519043,0.0288269705537252,0.05372600555419922,0.005251633405789286,0.0002939096305964064,6.176952344162241,10,200,60,"{'classifier__l2_regularization': 0.0002939096305964064, 'classifier__learning_rate': 6.176952344162241, 'classifier__max_bins': 10, 'classifier__max_leaf_nodes': 200, 'classifier__min_samples_leaf': 60}",0.636140302988945,0.6943761943761944,0.32787332787332785,0.5488670488670488,0.7078897078897078,0.5830293163990448,0.13934178160083635,190
95,0.851282262802124,0.019534646500386242,0.07266087532043457,0.006710177598505846,26.413404154693207,0.03905057514273437,15,21,69,"{'classifier__l2_regularization': 26.413404154693207, 'classifier__learning_rate': 0.03905057514273437, 'classifier__max_bins': 15, 'classifier__max_leaf_nodes': 21, 'classifier__min_samples_leaf': 69}",0.8445475638051044,0.8533988533988534,0.8508053508053508,0.8450723450723451,0.8476658476658476,0.8482979921495003,0.0033815899040315492,52
96,4.6850627899169925,0.058595795637919765,0.0838862419128418,0.004639411211698691,0.24848637540827595,0.008761868466912062,40,188,1,"{'classifier__l2_regularization': 0.24848637540827595, 'classifier__learning_rate': 0.008761868466912062, 'classifier__max_bins': 40, 'classifier__max_leaf_nodes': 188, 'classifier__min_samples_leaf': 1}",0.839907192575406,0.8371553371553372,0.8385203385203385,0.8387933387933388,0.8397488397488397,0.8388250093586519,0.0009905771767415785,69
97,0.1956921100616455,0.01622019033187351,0.0496920108795166,0.0033605288379508855,3.5035870921127405e-06,7.935909534736948,9,34,92,"{'classifier__l2_regularization': 3.5035870921127405e-06, 'classifier__learning_rate': 7.935909534736948, 'classifier__max_bins': 9, 'classifier__max_leaf_nodes': 34, 'classifier__min_samples_leaf': 92}",0.3925208134297803,0.23805623805623805,0.717990717990718,0.5765765765765766,0.6464646464646465,0.5143217985035918,0.17548593007957636,195
98,1.2854949951171875,0.1181375160495594,0.059393882751464844,0.011476788208335332,1.460609998182386e-06,0.13108703709225147,5,110,18,"{'classifier__l2_regularization': 1.460609998182386e-06, 'classifier__learning_rate': 0.13108703709225147, 'classifier__max_bins': 5, 'classifier__max_leaf_nodes': 110, 'classifier__min_samples_leaf': 18}",0.8268049679268459,0.8300573300573301,0.8337428337428338,0.8213213213213213,0.8277368277368278,0.8279326561570318,0.004081474747825908,78
99,0.40259780883789065,0.021194552661407698,0.055200815200805664,0.005849818466972083,14.395786637784104,0.10992901269207274,7,2,4,"{'classifier__l2_regularization': 14.395786637784104, 'classifier__learning_rate': 0.10992901269207274, 'classifier__max_bins': 7, 'classifier__max_leaf_nodes': 2, 'classifier__min_samples_leaf': 4}",0.8089258905418316,0.8116298116298116,0.8116298116298116,0.806033306033306,0.8086268086268086,0.8093691256923139,0.002102217240809656,92
100,0.9003859043121338,0.0408984225130045,0.06461668014526367,0.011425685039196958,566.8776827429787,0.05427471666672449,14,22,31,"{'classifier__l2_regularization': 566.8776827429787, 'classifier__learning_rate': 0.05427471666672449, 'classifier__max_bins': 14, 'classifier__max_leaf_nodes': 22, 'classifier__min_samples_leaf': 31}",0.836631636413266,0.8426153426153427,0.8447993447993448,0.838929838929839,0.8356538356538357,0.8397259996823256,0.003489372697795153,67
101,0.47788181304931643,0.026380485647678087,0.057167768478393555,0.004745662062871735,3.5101475981049492e-06,0.060909842278900464,10,3,64,"{'classifier__l2_regularization': 3.5101475981049492e-06, 'classifier__learning_rate': 0.060909842278900464, 'classifier__max_bins': 10, 'classifier__max_leaf_nodes': 3, 'classifier__min_samples_leaf': 64}",0.8236658932714617,0.8271908271908271,0.8271908271908271,0.8199563199563199,0.8211848211848212,0.8238377377588513,0.002987283666211627,79
102,0.18631424903869628,0.013905236188089014,0.050458669662475586,0.001953576191134899,13.0582748448232,2.8061342587377105,56,8,2,"{'classifier__l2_regularization': 13.0582748448232, 'classifier__learning_rate': 2.8061342587377105, 'classifier__max_bins': 56, 'classifier__max_leaf_nodes': 8, 'classifier__min_samples_leaf': 2}",0.48314453391565443,0.7451542451542451,0.7092547092547092,0.7603057603057604,0.6946491946491946,0.6785016886559128,0.10050410694117838,180
103,0.27960810661315916,0.011725592029907732,0.051314592361450195,0.005834066539367485,0.0015646880812581363,1.9520471947504576,185,54,25,"{'classifier__l2_regularization': 0.0015646880812581363, 'classifier__learning_rate': 1.9520471947504576, 'classifier__max_bins': 185, 'classifier__max_leaf_nodes': 54, 'classifier__min_samples_leaf': 25}",0.5846867749419954,0.7892437892437892,0.7781872781872782,0.6374556374556375,0.8139503139503139,0.7207047587558029,0.0917909368314525,169
104,5.614567756652832,0.08642706639311795,0.08152875900268555,0.008587917943074144,4.010455129383333,0.026999501116322863,74,239,15,"{'classifier__l2_regularization': 4.010455129383333, 'classifier__learning_rate': 0.026999501116322863, 'classifier__max_bins': 74, 'classifier__max_leaf_nodes': 239, 'classifier__min_samples_leaf': 15}",0.8512351576361403,0.8540813540813541,0.8535353535353535,0.8520338520338521,0.8555828555828556,0.853293714573911,0.0015325692301551511,35
105,0.2705216884613037,0.0339372494910934,0.052454566955566405,0.008414681766153414,0.01590238561362568,0.7150933499614385,21,18,35,"{'classifier__l2_regularization': 0.01590238561362568, 'classifier__learning_rate': 0.7150933499614385, 'classifier__max_bins': 21, 'classifier__max_leaf_nodes': 18, 'classifier__min_samples_leaf': 35}",0.8480960829807561,0.8523068523068523,0.8566748566748567,0.8503958503958504,0.8521703521703522,0.8519287989057336,0.0028201411027509856,41
106,0.23859748840332032,0.01738322175847827,0.05107336044311524,0.004375942582921986,0.10597411971362515,1.4533250052351285,2,2,58,"{'classifier__l2_regularization': 0.10597411971362515, 'classifier__learning_rate': 1.4533250052351285, 'classifier__max_bins': 2, 'classifier__max_leaf_nodes': 2, 'classifier__min_samples_leaf': 58}",0.7999181110959465,0.799071799071799,0.797024297024297,0.7945672945672946,0.800982800982801,0.7983128605484275,0.0022790813675869228,106
107,1.6422141075134278,0.010808817037227643,0.08319330215454102,0.009354927028479518,0.9767150101915836,0.0051696817399230315,13,58,48,"{'classifier__l2_regularization': 0.9767150101915836, 'classifier__learning_rate': 0.0051696817399230315, 'classifier__max_bins': 13, 'classifier__max_leaf_nodes': 58, 'classifier__min_samples_leaf': 48}",0.7589736590691961,0.758940758940759,0.758940758940759,0.758940758940759,0.758940758940759,0.7589473389664464,1.316005137486087e-05,122
108,4.1310375213623045,0.030722654093887514,0.07662777900695801,0.004314042771565362,3.1459359549054366,0.0016318058415772205,189,155,10,"{'classifier__l2_regularization': 3.1459359549054366, 'classifier__learning_rate': 0.0016318058415772205, 'classifier__max_bins': 189, 'classifier__max_leaf_nodes': 155, 'classifier__min_samples_leaf': 10}",0.7589736590691961,0.758940758940759,0.758940758940759,0.758940758940759,0.758940758940759,0.7589473389664464,1.316005137486087e-05,122
109,0.45032377243041993,0.006786550052211186,0.05754518508911133,0.009162475281562233,7.444186757203094,0.2543112994767861,10,2,1,"{'classifier__l2_regularization': 7.444186757203094, 'classifier__learning_rate': 0.2543112994767861, 'classifier__max_bins': 10, 'classifier__max_leaf_nodes': 2, 'classifier__min_samples_leaf': 1}",0.8328101542241027,0.8348348348348348,0.8359268359268359,0.8301938301938302,0.8304668304668305,0.8328464971292868,0.0022866022846406093,72
110,1.00677433013916,0.03160193224599975,0.06887211799621581,0.006453448052925907,0.0876504017938041,0.017649923477942406,66,23,1,"{'classifier__l2_regularization': 0.0876504017938041, 'classifier__learning_rate': 0.017649923477942406, 'classifier__max_bins': 66, 'classifier__max_leaf_nodes': 23, 'classifier__min_samples_leaf': 1}",0.8494608980483145,0.8476658476658476,0.857084357084357,0.8494403494403494,0.8494403494403494,0.8506183603358435,0.003305800456928135,47
111,0.2038912296295166,0.017824537038146588,0.03276472091674805,0.008229611749711757,0.6882583908722314,3.468484901906984,124,6,15,"{'classifier__l2_regularization': 0.6882583908722314, 'classifier__learning_rate': 3.468484901906984, 'classifier__max_bins': 124, 'classifier__max_leaf_nodes': 6, 'classifier__min_samples_leaf': 15}",0.760747918657022,0.5543270543270543,0.7452907452907452,0.7588042588042588,0.5346710346710347,0.670768202350023,0.10342271123133716,182
112,0.9722041130065918,0.01632570291590627,0.06451444625854492,0.014559643832455858,2.330011455953278e-06,0.06628761135975826,30,25,14,"{'classifier__l2_regularization': 2.330011455953278e-06, 'classifier__learning_rate': 0.06628761135975826, 'classifier__max_bins': 30, 'classifier__max_leaf_nodes': 25, 'classifier__min_samples_leaf': 14}",0.8535553432509895,0.8613158613158614,0.8566748566748567,0.8540813540813541,0.8561288561288561,0.8563512542903835,0.002748492963864692,19
113,0.839152479171753,0.010394231929869888,0.07056698799133301,0.008012658387466879,0.3069582845566571,0.029116339031740324,169,18,43,"{'classifier__l2_regularization': 0.3069582845566571, 'classifier__learning_rate': 0.029116339031740324, 'classifier__max_bins': 169, 'classifier__max_leaf_nodes': 18, 'classifier__min_samples_leaf': 43}",0.8575133069469087,0.8648648648648649,0.8633633633633634,0.8584493584493584,0.8611793611793612,0.8610740509607714,0.0027996507027125955,12
114,0.17156343460083007,0.010836780655591308,0.050741147994995114,0.0030760398941510237,10.577908627670762,1.9788329521278427,153,6,27,"{'classifier__l2_regularization': 10.577908627670762, 'classifier__learning_rate': 1.9788329521278427, 'classifier__max_bins': 153, 'classifier__max_leaf_nodes': 6, 'classifier__min_samples_leaf': 27}",0.7629316227651153,0.7639912639912639,0.7336882336882337,0.8090363090363091,0.7582582582582582,0.765581137547836,0.024366704468556724,120
115,0.66268892288208,0.010719418659088875,0.06811289787292481,0.010238949606281083,5.37792291470517e-06,0.004544371446992474,12,13,66,"{'classifier__l2_regularization': 5.37792291470517e-06, 'classifier__learning_rate': 0.004544371446992474, 'classifier__max_bins': 12, 'classifier__max_leaf_nodes': 13, 'classifier__min_samples_leaf': 66}",0.7589736590691961,0.758940758940759,0.758940758940759,0.758940758940759,0.758940758940759,0.7589473389664464,1.316005137486087e-05,122
116,0.31009511947631835,0.02891618526180182,0.049335145950317384,0.0027317465796736088,0.020322692471151545,0.644079404264443,20,7,47,"{'classifier__l2_regularization': 0.020322692471151545, 'classifier__learning_rate': 0.644079404264443, 'classifier__max_bins': 20, 'classifier__max_leaf_nodes': 7, 'classifier__min_samples_leaf': 47}",0.8485055275010236,0.8585858585858586,0.8542178542178542,0.8509418509418509,0.8514878514878514,0.8527477885468878,0.0034377255755559796,39
117,0.32558484077453614,0.025410459938081057,0.05042896270751953,0.006230006610058941,5.1814471609684425,0.7543999804092053,126,15,9,"{'classifier__l2_regularization': 5.1814471609684425, 'classifier__learning_rate': 0.7543999804092053, 'classifier__max_bins': 126, 'classifier__max_leaf_nodes': 15, 'classifier__min_samples_leaf': 9}",0.8620171966698512,0.8705978705978706,0.8663663663663663,0.8644553644553644,0.8665028665028665,0.8659879329184637,0.002820475361671674,5
118,1.384100866317749,0.05236027465897424,0.06880974769592285,0.006427169913408852,1.112854763667102e-05,0.020469932275506145,3,44,11,"{'classifier__l2_regularization': 1.112854763667102e-05, 'classifier__learning_rate': 0.020469932275506145, 'classifier__max_bins': 3, 'classifier__max_leaf_nodes': 44, 'classifier__min_samples_leaf': 11}",0.8078340384877849,0.8101283101283101,0.8105378105378105,0.8033033033033034,0.8053508053508054,0.807430853561603,0.0027732754410627085,96
119,2.172366905212402,0.025534406439910926,0.06857070922851563,0.007079604330259409,9.417998866253345,0.02348807847974176,19,81,4,"{'classifier__l2_regularization': 9.417998866253345, 'classifier__learning_rate': 0.02348807847974176, 'classifier__max_bins': 19, 'classifier__max_leaf_nodes': 81, 'classifier__min_samples_leaf': 4}",0.8448205268186161,0.8535353535353535,0.855036855036855,0.8502593502593503,0.8528528528528528,0.8513009877006056,0.003589951606646654,43
120,0.9517786979675293,0.061490318876832685,0.06973156929016114,0.006381164233264747,269.65734397657513,0.31504062305192826,65,24,56,"{'classifier__l2_regularization': 269.65734397657513, 'classifier__learning_rate': 0.31504062305192826, 'classifier__max_bins': 65, 'classifier__max_leaf_nodes': 24, 'classifier__min_samples_leaf': 56}",0.8568308994131295,0.8632268632268633,0.8579033579033579,0.8565383565383565,0.8569478569478569,0.8582894668059128,0.002510804115095837,16
121,0.1733546257019043,0.012009833733351264,0.04492206573486328,0.0042217123273428124,0.000650908084103328,2.3268048267408066,3,5,70,"{'classifier__l2_regularization': 0.000650908084103328, 'classifier__learning_rate': 2.3268048267408066, 'classifier__max_bins': 3, 'classifier__max_leaf_nodes': 5, 'classifier__min_samples_leaf': 70}",0.7647058823529411,0.7151242151242151,0.758940758940759,0.44594594594594594,0.7197652197652198,0.6808964044258163,0.11916291002914173,178
122,1.1350831985473633,0.026227268065136273,0.07599740028381348,0.003620063310449415,122.30657431839545,0.04893354124973592,174,32,14,"{'classifier__l2_regularization': 122.30657431839545, 'classifier__learning_rate': 0.04893354124973592, 'classifier__max_bins': 174, 'classifier__max_leaf_nodes': 32, 'classifier__min_samples_leaf': 14}",0.858878122014467,0.8682773682773682,0.8667758667758668,0.8604968604968605,0.8633633633633634,0.8635583161855852,0.003575942378234566,8
123,0.4300543785095215,0.013355301552778724,0.05723285675048828,0.003213567152320063,574.7690144847611,0.0011186315724417734,7,2,50,"{'classifier__l2_regularization': 574.7690144847611, 'classifier__learning_rate': 0.0011186315724417734, 'classifier__max_bins': 7, 'classifier__max_leaf_nodes': 2, 'classifier__min_samples_leaf': 50}",0.7589736590691961,0.758940758940759,0.758940758940759,0.758940758940759,0.758940758940759,0.7589473389664464,1.316005137486087e-05,122
124,0.47391386032104493,0.011815531348770208,0.05392780303955078,0.009436852429548729,520.0251722399657,0.0045603841298405634,2,3,36,"{'classifier__l2_regularization': 520.0251722399657, 'classifier__learning_rate': 0.0045603841298405634, 'classifier__max_bins': 2, 'classifier__max_leaf_nodes': 3, 'classifier__min_samples_leaf': 36}",0.7589736590691961,0.758940758940759,0.758940758940759,0.758940758940759,0.758940758940759,0.7589473389664464,1.316005137486087e-05,122
125,2.0008546829223635,0.021799534769215666,0.07919316291809082,0.007251967286884927,1.981016252377346e-06,0.010337853278054072,33,75,55,"{'classifier__l2_regularization': 1.981016252377346e-06, 'classifier__learning_rate': 0.010337853278054072, 'classifier__max_bins': 33, 'classifier__max_leaf_nodes': 75, 'classifier__min_samples_leaf': 55}",0.8422273781902552,0.8408408408408409,0.844935844935845,0.8423423423423423,0.8383838383838383,0.8417460489386244,0.0021394346772306357,64
126,1.0699203968048097,0.01200001430047902,0.0702202320098877,0.007800354155091454,60.97052483686713,0.10713588656774514,34,30,3,"{'classifier__l2_regularization': 60.97052483686713, 'classifier__learning_rate': 0.10713588656774514, 'classifier__max_bins': 34, 'classifier__max_leaf_nodes': 30, 'classifier__min_samples_leaf': 3}",0.8519175651699195,0.8625443625443625,0.8555828555828556,0.8538083538083538,0.8568113568113568,0.8561328987833697,0.003606723365889069,20
127,0.5863369464874267,0.026840356610158038,0.0652696132659912,0.005307603180921202,0.005872202125515554,0.001090823111688393,68,8,12,"{'classifier__l2_regularization': 0.005872202125515554, 'classifier__learning_rate': 0.001090823111688393, 'classifier__max_bins': 68, 'classifier__max_leaf_nodes': 8, 'classifier__min_samples_leaf': 12}",0.7589736590691961,0.758940758940759,0.758940758940759,0.758940758940759,0.758940758940759,0.7589473389664464,1.316005137486087e-05,122
128,0.19248542785644532,0.00815779426347458,0.04051475524902344,0.008392104780253372,2.8984170233617257,3.1308353580298145,62,6,1,"{'classifier__l2_regularization': 2.8984170233617257, 'classifier__learning_rate': 3.1308353580298145, 'classifier__max_bins': 62, 'classifier__max_leaf_nodes': 6, 'classifier__min_samples_leaf': 1}",0.6650743824211819,0.4337974337974338,0.6104286104286104,0.44362544362544365,0.6741741741741741,0.5654200088893687,0.10577585286348837,192
129,0.4559234619140625,0.021661354420407824,0.037489461898803714,0.018737780253249927,0.00015052764967923835,2.702226805233856,221,136,24,"{'classifier__l2_regularization': 0.00015052764967923835, 'classifier__learning_rate': 2.702226805233856, 'classifier__max_bins': 221, 'classifier__max_leaf_nodes': 136, 'classifier__min_samples_leaf': 24}",0.7849051453528046,0.7457002457002457,0.6739011739011739,0.7639912639912639,0.7667212667212667,0.7470438191333509,0.038625249759744795,164
130,0.20733428001403809,0.011636310813000754,0.04205770492553711,0.008268560548644938,3.5827927930455145e-05,1.5910593275687939,10,9,21,"{'classifier__l2_regularization': 3.5827927930455145e-05, 'classifier__learning_rate': 1.5910593275687939, 'classifier__max_bins': 10, 'classifier__max_leaf_nodes': 9, 'classifier__min_samples_leaf': 21}",0.8304899686092534,0.8073983073983074,0.8195468195468195,0.7724542724542725,0.822003822003822,0.810378638002495,0.02035095057934251,91
131,3.5006995677947996,0.11369750488130179,0.07060270309448242,0.010067910234733756,0.037183983538331807,0.0062206674090428985,20,133,7,"{'classifier__l2_regularization': 0.037183983538331807, 'classifier__learning_rate': 0.0062206674090428985, 'classifier__max_bins': 20, 'classifier__max_leaf_nodes': 133, 'classifier__min_samples_leaf': 7}",0.8169782994404258,0.8134043134043134,0.8084903084903085,0.808899808899809,0.8108108108108109,0.8117167082091334,0.003152699812567164,89
132,0.24343266487121581,0.011091687548585919,0.04611735343933106,0.007143323021002557,14.848323838580406,1.8069408732778163,7,17,21,"{'classifier__l2_regularization': 14.848323838580406, 'classifier__learning_rate': 1.8069408732778163, 'classifier__max_bins': 7, 'classifier__max_leaf_nodes': 17, 'classifier__min_samples_leaf': 21}",0.8130203357445066,0.7654927654927655,0.8153153153153153,0.7652197652197652,0.7876057876057876,0.789330793875628,0.02185844777226374,113
133,0.4210397243499756,0.013259332681974781,0.05217866897583008,0.008384600574483437,0.00010800460493833082,0.05713242025742586,156,2,1,"{'classifier__l2_regularization': 0.00010800460493833082, 'classifier__learning_rate': 0.05713242025742586, 'classifier__max_bins': 156, 'classifier__max_leaf_nodes': 2, 'classifier__min_samples_leaf': 1}",0.8206633001228334,0.8155883155883156,0.8173628173628174,0.8157248157248157,0.816953316953317,0.8172585131504198,0.0018351232168293656,83
134,0.5787530422210694,0.01657151675672211,0.040944147109985354,0.00870920271487635,2.4797598766084705e-06,0.32078515247169315,4,84,4,"{'classifier__l2_regularization': 2.4797598766084705e-06, 'classifier__learning_rate': 0.32078515247169315, 'classifier__max_bins': 4, 'classifier__max_leaf_nodes': 84, 'classifier__min_samples_leaf': 4}",0.8134297802647741,0.8123123123123123,0.8114933114933115,0.812039312039312,0.8132678132678133,0.8125085058755047,0.0007368240794292921,87
135,0.4729294776916504,0.011140871108078043,0.047673797607421874,0.0056606270435625005,0.00210998651181686,1.9465841349610453,5,132,8,"{'classifier__l2_regularization': 0.00210998651181686, 'classifier__learning_rate': 1.9465841349610453, 'classifier__max_bins': 5, 'classifier__max_leaf_nodes': 132, 'classifier__min_samples_leaf': 8}",0.7625221782448478,0.7795522795522796,0.7657657657657657,0.7615342615342615,0.7678132678132679,0.7674375505820845,0.0064608419378125075,119
136,0.36766529083251953,0.040038738289114584,0.047470474243164064,0.006573421778592747,16.879766741755247,0.5758447352261705,17,20,82,"{'classifier__l2_regularization': 16.879766741755247, 'classifier__learning_rate': 0.5758447352261705, 'classifier__max_bins': 17, 'classifier__max_leaf_nodes': 20, 'classifier__min_samples_leaf': 82}",0.8475501569537328,0.8551733551733551,0.8524433524433525,0.8480753480753481,0.8495768495768495,0.8505638124445276,0.002864584605562139,48
137,0.7051030158996582,0.12980387677005656,0.09739327430725098,0.08753622611161714,69.68993836571954,0.4692110537002963,2,51,16,"{'classifier__l2_regularization': 69.68993836571954, 'classifier__learning_rate': 0.4692110537002963, 'classifier__max_bins': 2, 'classifier__max_leaf_nodes': 51, 'classifier__min_samples_leaf': 16}",0.8052408898594241,0.8034398034398035,0.8042588042588042,0.7998907998907999,0.8027573027573027,0.8031175200412269,0.0018141981732947069,100
138,4.515089273452759,0.20514976496019752,0.08043918609619141,0.010786780152217379,1.1797174239579116e-06,0.0015912854744257019,241,166,9,"{'classifier__l2_regularization': 1.1797174239579116e-06, 'classifier__learning_rate': 0.0015912854744257019, 'classifier__max_bins': 241, 'classifier__max_leaf_nodes': 166, 'classifier__min_samples_leaf': 9}",0.7589736590691961,0.758940758940759,0.758940758940759,0.758940758940759,0.758940758940759,0.7589473389664464,1.316005137486087e-05,122
139,1.1365651130676269,0.03080549626881231,0.07357420921325683,0.007781577616335466,235.20321259857528,0.02471183684162384,2,41,59,"{'classifier__l2_regularization': 235.20321259857528, 'classifier__learning_rate': 0.02471183684162384, 'classifier__max_bins': 2, 'classifier__max_leaf_nodes': 41, 'classifier__min_samples_leaf': 59}",0.797051999454074,0.7917007917007917,0.7877422877422877,0.7908817908817909,0.7937482937482937,0.7922250327054475,0.0030917329066242507,111
140,1.1659655094146728,0.040914485074354454,0.07764949798583984,0.004901211318758984,1.5748918879379398e-06,0.06719202644611831,8,33,3,"{'classifier__l2_regularization': 1.5748918879379398e-06, 'classifier__learning_rate': 0.06719202644611831, 'classifier__max_bins': 8, 'classifier__max_leaf_nodes': 33, 'classifier__min_samples_leaf': 3}",0.8397707110686502,0.8509418509418509,0.844935844935845,0.8434343434343434,0.8452088452088452,0.844858319117907,0.0036069294602488933,59
141,1.1974037647247315,0.016784578635779986,0.07582058906555175,0.008062898115752391,16.24779540602093,0.014090531559510566,246,33,1,"{'classifier__l2_regularization': 16.24779540602093, 'classifier__learning_rate': 0.014090531559510566, 'classifier__max_bins': 246, 'classifier__max_leaf_nodes': 33, 'classifier__min_samples_leaf': 1}",0.8516446021564078,0.8497133497133497,0.855036855036855,0.8525798525798526,0.8533988533988534,0.8524747025770637,0.001774478674880621,40
142,0.3964401721954346,0.017571396417163022,0.05975818634033203,0.004964985805595511,13.743992485740703,0.05573145916120496,5,2,4,"{'classifier__l2_regularization': 13.743992485740703, 'classifier__learning_rate': 0.05573145916120496, 'classifier__max_bins': 5, 'classifier__max_leaf_nodes': 2, 'classifier__min_samples_leaf': 4}",0.8008734816432374,0.7977067977067978,0.7904722904722905,0.8016653016653017,0.8015288015288016,0.7984493346032858,0.004239968010990535,105
143,0.24047355651855468,0.019549778093546116,0.05095267295837402,0.0035717629405722586,7.535728399186927,8.65412533441992,6,61,24,"{'classifier__l2_regularization': 7.535728399186927, 'classifier__learning_rate': 8.65412533441992, 'classifier__max_bins': 6, 'classifier__max_leaf_nodes': 61, 'classifier__min_samples_leaf': 24}",0.6474682680496793,0.689052689052689,0.7107562107562108,0.6897351897351898,0.6755391755391755,0.682510306626589,0.020829661255553834,177
144,0.25782041549682616,0.015535549590401779,0.04666094779968262,0.010217751725967384,3.003115461063786,9.862296671843676,2,155,9,"{'classifier__l2_regularization': 3.003115461063786, 'classifier__learning_rate': 9.862296671843676, 'classifier__max_bins': 2, 'classifier__max_leaf_nodes': 155, 'classifier__min_samples_leaf': 9}",0.6683499385833219,0.7424242424242424,0.6494676494676495,0.6212121212121212,0.7822822822822822,0.6927472467939235,0.06011647504537858,175
145,0.4209142208099365,0.00970637391738846,0.05961446762084961,0.0015300396904697731,21.24114383640341,0.28210953234307284,15,2,17,"{'classifier__l2_regularization': 21.24114383640341, 'classifier__learning_rate': 0.28210953234307284, 'classifier__max_bins': 15, 'classifier__max_leaf_nodes': 2, 'classifier__min_samples_leaf': 17}",0.8392247850416269,0.8432978432978433,0.8437073437073437,0.8371553371553372,0.8383838383838383,0.8403538295171978,0.0026570372389694927,65
146,5.056097984313965,0.08217904903650197,0.07973589897155761,0.0049196855763778795,0.02559375999682382,0.011741577810849134,5,240,50,"{'classifier__l2_regularization': 0.02559375999682382, 'classifier__learning_rate': 0.011741577810849134, 'classifier__max_bins': 5, 'classifier__max_leaf_nodes': 240, 'classifier__min_samples_leaf': 50}",0.8194349665620309,0.8230958230958231,0.822959322959323,0.8187278187278187,0.8209118209118209,0.8210259504513633,0.001780335177739883,81
147,1.757748794555664,0.07806073634799815,0.08040647506713867,0.007360432544886832,1.4286015077351992e-05,0.011259098446260817,2,66,58,"{'classifier__l2_regularization': 1.4286015077351992e-05, 'classifier__learning_rate': 0.011259098446260817, 'classifier__max_bins': 2, 'classifier__max_leaf_nodes': 66, 'classifier__min_samples_leaf': 58}",0.7959601474000273,0.7940212940212941,0.7944307944307945,0.7908817908817909,0.7933387933387933,0.79372656401454,0.0016622154655618073,108
148,0.33586974143981935,0.02358781891701618,0.03865036964416504,0.008051120030113434,0.0007301834433823024,5.379298893357655,4,147,1,"{'classifier__l2_regularization': 0.0007301834433823024, 'classifier__learning_rate': 5.379298893357655, 'classifier__max_bins': 4, 'classifier__max_leaf_nodes': 147, 'classifier__min_samples_leaf': 1}",0.7563805104408353,0.7495222495222496,0.5263445263445263,0.47474747474747475,0.6943761943761944,0.6402741910862562,0.11723643184279244,187
149,1.3702776432037354,0.020983575327138466,0.06824893951416015,0.011589897973625819,0.6252173418413265,0.00383442196630181,21,44,36,"{'classifier__l2_regularization': 0.6252173418413265, 'classifier__learning_rate': 0.00383442196630181, 'classifier__max_bins': 21, 'classifier__max_leaf_nodes': 44, 'classifier__min_samples_leaf': 36}",0.7589736590691961,0.758940758940759,0.758940758940759,0.758940758940759,0.758940758940759,0.7589473389664464,1.316005137486087e-05,122
150,0.37602620124816893,0.004326673471669872,0.04905681610107422,0.0024979304269883993,1.5138274959656175,0.4261374519292313,3,30,17,"{'classifier__l2_regularization': 1.5138274959656175, 'classifier__learning_rate': 0.4261374519292313, 'classifier__max_bins': 3, 'classifier__max_leaf_nodes': 30, 'classifier__min_samples_leaf': 17}",0.8087894090350758,0.8097188097188097,0.8056238056238056,0.8012558012558012,0.8072618072618073,0.80652992657906,0.002981521057876083,97
151,0.17603254318237305,0.020389534359327135,0.05038127899169922,0.005082365251779568,8.013985863133071e-05,9.903577866772125,17,3,8,"{'classifier__l2_regularization': 8.013985863133071e-05, 'classifier__learning_rate': 9.903577866772125, 'classifier__max_bins': 17, 'classifier__max_leaf_nodes': 3, 'classifier__min_samples_leaf': 8}",0.2845639415859151,0.2798252798252798,0.2802347802347802,0.28883428883428885,0.28856128856128854,0.2844039158083105,0.0038802876311324593,197
152,0.6223934173583985,0.004347906739468058,0.05545516014099121,0.00948376384936344,0.05799238503423484,0.10552108898484874,12,10,1,"{'classifier__l2_regularization': 0.05799238503423484, 'classifier__learning_rate': 0.10552108898484874, 'classifier__max_bins': 12, 'classifier__max_leaf_nodes': 10, 'classifier__min_samples_leaf': 1}",0.8423638596970111,0.849030849030849,0.8473928473928474,0.8411138411138411,0.8463008463008463,0.845240448707079,0.003014234640342807,58
153,0.27533860206604005,0.024431023870940958,0.05381584167480469,0.008418201932094502,3.479907457337583,1.3372541205831316,6,4,16,"{'classifier__l2_regularization': 3.479907457337583, 'classifier__learning_rate': 1.3372541205831316, 'classifier__max_bins': 6, 'classifier__max_leaf_nodes': 4, 'classifier__min_samples_leaf': 16}",0.8278968199808926,0.8318318318318318,0.8338793338793339,0.8262353262353263,0.8256893256893257,0.8291065275233421,0.0032122086368925737,75
154,0.26124982833862304,0.01800905606768635,0.04177393913269043,0.008725625452244323,0.007069001310215075,3.6957356567211828,13,56,3,"{'classifier__l2_regularization': 0.007069001310215075, 'classifier__learning_rate': 3.6957356567211828, 'classifier__max_bins': 13, 'classifier__max_leaf_nodes': 56, 'classifier__min_samples_leaf': 3}",0.6852736454210454,0.7567567567567568,0.6994266994266994,0.7256347256347256,0.6591591591591591,0.7052501972796772,0.03354344708539957,170
155,2.3253376960754393,0.05342200281929236,0.07013778686523438,0.013785153845106124,465.8683232088574,0.010116606524739075,106,85,2,"{'classifier__l2_regularization': 465.8683232088574, 'classifier__learning_rate': 0.010116606524739075, 'classifier__max_bins': 106, 'classifier__max_leaf_nodes': 85, 'classifier__min_samples_leaf': 2}",0.7589736590691961,0.758940758940759,0.758940758940759,0.758940758940759,0.758940758940759,0.7589473389664464,1.316005137486087e-05,122
156,0.6482841491699218,0.02504421494118328,0.04638671875,0.005243056419244954,506.98522099012547,2.8053312615840005,252,164,2,"{'classifier__l2_regularization': 506.98522099012547, 'classifier__learning_rate': 2.8053312615840005, 'classifier__max_bins': 252, 'classifier__max_leaf_nodes': 164, 'classifier__min_samples_leaf': 2}",0.8055138528729358,0.8104013104013104,0.8188643188643189,0.8041223041223041,0.8064428064428064,0.8090689185407351,0.005324079008190517,93
157,0.7029888153076171,0.02675151908560438,0.06976904869079589,0.000792021978182693,4.9122681415926704e-05,0.0018572464612149685,14,13,1,"{'classifier__l2_regularization': 4.9122681415926704e-05, 'classifier__learning_rate': 0.0018572464612149685, 'classifier__max_bins': 14, 'classifier__max_leaf_nodes': 13, 'classifier__min_samples_leaf': 1}",0.7589736590691961,0.758940758940759,0.758940758940759,0.758940758940759,0.758940758940759,0.7589473389664464,1.316005137486087e-05,122
158,1.3177134990692139,0.07062899830457715,0.06870694160461426,0.008355318716225281,85.31827153811157,0.0744336232927968,2,40,67,"{'classifier__l2_regularization': 85.31827153811157, 'classifier__learning_rate': 0.0744336232927968, 'classifier__max_bins': 2, 'classifier__max_leaf_nodes': 40, 'classifier__min_samples_leaf': 67}",0.8052408898594241,0.8033033033033034,0.8022113022113022,0.7968877968877969,0.8035763035763036,0.802243919167626,0.0028484552314976134,101
159,3.8956637382507324,0.05172653993584654,0.07492961883544921,0.009382594882612675,0.18993914218058208,0.001287175452082403,5,162,4,"{'classifier__l2_regularization': 0.18993914218058208, 'classifier__learning_rate': 0.001287175452082403, 'classifier__max_bins': 5, 'classifier__max_leaf_nodes': 162, 'classifier__min_samples_leaf': 4}",0.7589736590691961,0.758940758940759,0.758940758940759,0.758940758940759,0.758940758940759,0.7589473389664464,1.316005137486087e-05,122
160,0.4247016429901123,0.015672954250821977,0.061613845825195315,0.0051213155624944,4.657289464394732e-05,0.16328783170637895,25,2,2,"{'classifier__l2_regularization': 4.657289464394732e-05, 'classifier__learning_rate': 0.16328783170637895, 'classifier__max_bins': 25, 'classifier__max_leaf_nodes': 2, 'classifier__min_samples_leaf': 2}",0.8324007097038352,0.8341523341523341,0.842069342069342,0.8326508326508326,0.8314223314223315,0.834539109999735,0.0038654015690666537,70
161,0.18158440589904784,0.022084299885579212,0.05239582061767578,0.0031624727415014327,0.0028574862329959765,4.784773532594582,6,10,2,"{'classifier__l2_regularization': 0.0028574862329959765, 'classifier__learning_rate': 4.784773532594582, 'classifier__max_bins': 6, 'classifier__max_leaf_nodes': 10, 'classifier__min_samples_leaf': 2}",0.5354169510031391,0.558012558012558,0.7107562107562108,0.7137592137592138,0.24761124761124761,0.5531112362284738,0.1698982427269687,193
162,3.2170028686523438,0.06211357461041985,0.06971731185913085,0.011961775439301176,0.04376683897162232,0.011388305052423438,5,127,2,"{'classifier__l2_regularization': 0.04376683897162232, 'classifier__learning_rate': 0.011388305052423438, 'classifier__max_bins': 5, 'classifier__max_leaf_nodes': 127, 'classifier__min_samples_leaf': 2}",0.8239388562849734,0.8236418236418236,0.8230958230958231,0.8196833196833196,0.8224133224133224,0.8225546290238525,0.0015267844090455253,80
163,0.7356595993041992,0.03793497603445391,0.04027414321899414,0.0054340802772013495,0.00911431370542632,0.3397546404525747,17,128,2,"{'classifier__l2_regularization': 0.00911431370542632, 'classifier__learning_rate': 0.3397546404525747, 'classifier__max_bins': 17, 'classifier__max_leaf_nodes': 128, 'classifier__min_samples_leaf': 2}",0.8336290432646376,0.8463008463008463,0.8435708435708436,0.8370188370188371,0.8392028392028392,0.8399444818716008,0.0045287540092626985,66
164,0.47559080123901365,0.0036975507996236793,0.064426851272583,0.005720986692225006,0.00046454571537963386,0.0012414595372969726,120,4,8,"{'classifier__l2_regularization': 0.00046454571537963386, 'classifier__learning_rate': 0.0012414595372969726, 'classifier__max_bins': 120, 'classifier__max_leaf_nodes': 4, 'classifier__min_samples_leaf': 8}",0.7589736590691961,0.758940758940759,0.758940758940759,0.758940758940759,0.758940758940759,0.7589473389664464,1.316005137486087e-05,122
165,0.4156676769256592,0.01281914268078061,0.05396890640258789,0.008548070475713827,1.3521462471064014,0.8538799600874473,136,2,37,"{'classifier__l2_regularization': 1.3521462471064014, 'classifier__learning_rate': 0.8538799600874473, 'classifier__max_bins': 136, 'classifier__max_leaf_nodes': 2, 'classifier__min_samples_leaf': 37}",0.8581957144806879,0.8626808626808626,0.8645918645918645,0.8594048594048594,0.8632268632268633,0.8616200328770276,0.0024154501600520163,10
166,0.1929912567138672,0.01815219632497731,0.04660120010375977,0.005127597368158092,95.89915121560968,3.1281789267042295,4,5,77,"{'classifier__l2_regularization': 95.89915121560968, 'classifier__learning_rate': 3.1281789267042295, 'classifier__max_bins': 4, 'classifier__max_leaf_nodes': 5, 'classifier__min_samples_leaf': 77}",0.5659888085164461,0.7085722085722086,0.674993174993175,0.6823641823641824,0.5909090909090909,0.6445654930710206,0.055686172820977105,185
167,3.452985239028931,0.10882220566120336,0.08045883178710937,0.004164109089905128,9.001457677275948e-06,0.009863161036851881,65,132,1,"{'classifier__l2_regularization': 9.001457677275948e-06, 'classifier__learning_rate': 0.009863161036851881, 'classifier__max_bins': 65, 'classifier__max_leaf_nodes': 132, 'classifier__min_samples_leaf': 1}",0.8486420090077794,0.842069342069342,0.8475293475293475,0.8465738465738466,0.8471198471198471,0.8463868784600326,0.002262925981048117,54
168,0.6145218849182129,0.014210544463494292,0.07144637107849121,0.0035024081235111447,54.03857884255266,0.0019934738597403687,26,10,38,"{'classifier__l2_regularization': 54.03857884255266, 'classifier__learning_rate': 0.0019934738597403687, 'classifier__max_bins': 26, 'classifier__max_leaf_nodes': 10, 'classifier__min_samples_leaf': 38}",0.7589736590691961,0.758940758940759,0.758940758940759,0.758940758940759,0.758940758940759,0.7589473389664464,1.316005137486087e-05,122
169,0.2719280242919922,0.019566810725509653,0.04565906524658203,0.006821325234012905,1.0636861799562581e-05,5.101919408035443,2,134,1,"{'classifier__l2_regularization': 1.0636861799562581e-05, 'classifier__learning_rate': 5.101919408035443, 'classifier__max_bins': 2, 'classifier__max_leaf_nodes': 134, 'classifier__min_samples_leaf': 1}",0.6007915927391838,0.5683865683865684,0.7441987441987442,0.6597051597051597,0.6710346710346711,0.6488233472128655,0.06080353266878365,184
170,1.4411609172821045,0.01447840762070318,0.07119860649108886,0.008825695598142027,61.078880308342,0.01116210087915317,121,45,4,"{'classifier__l2_regularization': 61.078880308342, 'classifier__learning_rate': 0.01116210087915317, 'classifier__max_bins': 121, 'classifier__max_leaf_nodes': 45, 'classifier__min_samples_leaf': 4}",0.8420908966834993,0.834971334971335,0.8438438438438438,0.8383838383838383,0.8374283374283374,0.8393436502621707,0.003209545396711025,68
171,0.4072230815887451,0.024699381374303477,0.05794062614440918,0.010212062564753596,0.021184130518096932,0.3470234469626907,77,38,4,"{'classifier__l2_regularization': 0.021184130518096932, 'classifier__learning_rate': 0.3470234469626907, 'classifier__max_bins': 77, 'classifier__max_leaf_nodes': 38, 'classifier__min_samples_leaf': 4}",0.8494608980483145,0.8583128583128583,0.8577668577668578,0.8502593502593503,0.8579033579033579,0.8547406644581479,0.003996977733148787,27
172,0.1771007537841797,0.009184621096750788,0.04717001914978027,0.003110343004613336,0.022313903718335172,2.4369374616778003,3,8,2,"{'classifier__l2_regularization': 0.022313903718335172, 'classifier__learning_rate': 2.4369374616778003, 'classifier__max_bins': 3, 'classifier__max_leaf_nodes': 8, 'classifier__min_samples_leaf': 2}",0.7589736590691961,0.758940758940759,0.6201201201201201,0.7125307125307125,0.6354081354081355,0.6971946772137846,0.05936746463586483,173
173,0.8605059146881103,0.011532999844171426,0.06938638687133789,0.005023792552198422,164.33554038502749,0.00363219338839385,8,23,44,"{'classifier__l2_regularization': 164.33554038502749, 'classifier__learning_rate': 0.00363219338839385, 'classifier__max_bins': 8, 'classifier__max_leaf_nodes': 23, 'classifier__min_samples_leaf': 44}",0.7589736590691961,0.758940758940759,0.758940758940759,0.758940758940759,0.758940758940759,0.7589473389664464,1.316005137486087e-05,122
174,3.3874602794647215,0.05664483550608785,0.072623872756958,0.008917419661264536,157.44598886980583,0.11278443745864944,5,157,18,"{'classifier__l2_regularization': 157.44598886980583, 'classifier__learning_rate': 0.11278443745864944, 'classifier__max_bins': 5, 'classifier__max_leaf_nodes': 157, 'classifier__min_samples_leaf': 18}",0.8284427460079159,0.8286923286923287,0.8336063336063336,0.8237783237783238,0.8321048321048321,0.8293249128379468,0.0034059226691161852,74
175,0.37551045417785645,0.023099802408526268,0.04554133415222168,0.003659491750249147,0.6986383554707412,2.181391456814525,11,76,60,"{'classifier__l2_regularization': 0.6986383554707412, 'classifier__learning_rate': 2.181391456814525, 'classifier__max_bins': 11, 'classifier__max_leaf_nodes': 76, 'classifier__min_samples_leaf': 60}",0.7679814385150812,0.745017745017745,0.7392847392847393,0.6767676767676768,0.7613977613977614,0.7380898721966007,0.03239320366185815,167
176,0.32027344703674315,0.010901807831215669,0.042279815673828124,0.0062140309826362,83.14788497352642,5.319575765956694,41,66,43,"{'classifier__l2_regularization': 83.14788497352642, 'classifier__learning_rate': 5.319575765956694, 'classifier__max_bins': 41, 'classifier__max_leaf_nodes': 66, 'classifier__min_samples_leaf': 43}",0.7436877303125426,0.7709527709527709,0.7852852852852853,0.7510237510237511,0.758940758940759,0.7619780593030219,0.014748087537930499,121
177,0.6454302310943604,0.013593965579682699,0.06110091209411621,0.015022960377041402,1.3494881939226192e-06,0.0010883946135494596,16,11,2,"{'classifier__l2_regularization': 1.3494881939226192e-06, 'classifier__learning_rate': 0.0010883946135494596, 'classifier__max_bins': 16, 'classifier__max_leaf_nodes': 11, 'classifier__min_samples_leaf': 2}",0.7589736590691961,0.758940758940759,0.758940758940759,0.758940758940759,0.758940758940759,0.7589473389664464,1.316005137486087e-05,122
178,4.522841501235962,0.16734213160476832,0.07968173027038575,0.007154396168223495,0.00012767716516133616,0.0016004195906861004,111,198,45,"{'classifier__l2_regularization': 0.00012767716516133616, 'classifier__learning_rate': 0.0016004195906861004, 'classifier__max_bins': 111, 'classifier__max_leaf_nodes': 198, 'classifier__min_samples_leaf': 45}",0.7589736590691961,0.758940758940759,0.758940758940759,0.758940758940759,0.758940758940759,0.7589473389664464,1.316005137486087e-05,122
179,0.5670271873474121,0.0114465941381524,0.06829962730407715,0.002931971875537769,0.43236415556265656,0.0041147770458285935,29,7,62,"{'classifier__l2_regularization': 0.43236415556265656, 'classifier__learning_rate': 0.0041147770458285935, 'classifier__max_bins': 29, 'classifier__max_leaf_nodes': 7, 'classifier__min_samples_leaf': 62}",0.7589736590691961,0.758940758940759,0.758940758940759,0.758940758940759,0.758940758940759,0.7589473389664464,1.316005137486087e-05,122
180,1.3352331638336181,0.017754306509094195,0.07057805061340332,0.0077239000322286535,1.0144008683242643e-06,0.00391903396738195,7,43,2,"{'classifier__l2_regularization': 1.0144008683242643e-06, 'classifier__learning_rate': 0.00391903396738195, 'classifier__max_bins': 7, 'classifier__max_leaf_nodes': 43, 'classifier__min_samples_leaf': 2}",0.7589736590691961,0.758940758940759,0.758940758940759,0.758940758940759,0.758940758940759,0.7589473389664464,1.316005137486087e-05,122
181,0.41361708641052247,0.01266188498091279,0.05612058639526367,0.007752650380113479,3.6983950521774926,0.29227302404626065,46,2,3,"{'classifier__l2_regularization': 3.6983950521774926, 'classifier__learning_rate': 0.29227302404626065, 'classifier__max_bins': 46, 'classifier__max_leaf_nodes': 2, 'classifier__min_samples_leaf': 3}",0.8419544151767435,0.84998634998635,0.8554463554463555,0.846027846027846,0.8484848484848485,0.8483799630244286,0.004457476896191562,51
182,3.247740936279297,0.04833359827068716,0.07533297538757325,0.006642134255857937,70.720484321362,0.03486516308255479,43,119,15,"{'classifier__l2_regularization': 70.720484321362, 'classifier__learning_rate': 0.03486516308255479, 'classifier__max_bins': 43, 'classifier__max_leaf_nodes': 119, 'classifier__min_samples_leaf': 15}",0.8506892316091169,0.853944853944854,0.8557193557193558,0.8546273546273546,0.8527163527163527,0.8535394297234069,0.001726332053460325,31
183,0.7813391208648681,0.08587830498524356,0.05913014411926269,0.005694245125147462,0.0038879595648030766,0.1549859883031316,82,34,54,"{'classifier__l2_regularization': 0.0038879595648030766, 'classifier__learning_rate': 0.1549859883031316, 'classifier__max_bins': 82, 'classifier__max_leaf_nodes': 34, 'classifier__min_samples_leaf': 54}",0.8565579363996179,0.8624078624078624,0.861998361998362,0.8553098553098553,0.8628173628173628,0.859818275786612,0.00320652228719102,14
184,6.269295740127563,0.1264293100575892,0.08222575187683105,0.009861452410131871,87.45590191429395,0.15785881702652962,200,239,3,"{'classifier__l2_regularization': 87.45590191429395, 'classifier__learning_rate': 0.15785881702652962, 'classifier__max_bins': 200, 'classifier__max_leaf_nodes': 239, 'classifier__min_samples_leaf': 3}",0.8633820117374096,0.8658203658203658,0.8673218673218673,0.8632268632268633,0.8673218673218673,0.8654145950856748,0.001808733833859336,6
185,1.8248250484466553,0.3652816034248507,0.07105355262756348,0.01396069893000947,226.98221638513982,0.43904416237526517,75,193,68,"{'classifier__l2_regularization': 226.98221638513982, 'classifier__learning_rate': 0.43904416237526517, 'classifier__max_bins': 75, 'classifier__max_leaf_nodes': 193, 'classifier__min_samples_leaf': 68}",0.8534188617442336,0.857084357084357,0.8565383565383565,0.8525798525798526,0.8557193557193558,0.855068156733231,0.0017642246434541084,26
186,0.576488447189331,0.06733856635078575,0.05909719467163086,0.011250106127409454,202.3934287104275,0.5387445679239169,51,9,82,"{'classifier__l2_regularization': 202.3934287104275, 'classifier__learning_rate': 0.5387445679239169, 'classifier__max_bins': 51, 'classifier__max_leaf_nodes': 9, 'classifier__min_samples_leaf': 82}",0.8521905281834311,0.8613158613158614,0.855992355992356,0.8540813540813541,0.8540813540813541,0.8555322907308713,0.0031317458390388423,23
187,0.7302643299102783,0.0975496348294764,0.06242375373840332,0.008351532097549534,0.02733288315740926,0.20053976275171098,243,20,21,"{'classifier__l2_regularization': 0.02733288315740926, 'classifier__learning_rate': 0.20053976275171098, 'classifier__max_bins': 243, 'classifier__max_leaf_nodes': 20, 'classifier__min_samples_leaf': 21}",0.8674764569400846,0.8722358722358723,0.8714168714168714,0.8662298662298662,0.8738738738738738,0.8702465881393137,0.002908322462364645,1
188,0.5615466594696045,0.010308377872295603,0.04903745651245117,0.011753536209872793,0.10882926839672002,1.2918634315150581,10,154,64,"{'classifier__l2_regularization': 0.10882926839672002, 'classifier__learning_rate': 1.2918634315150581, 'classifier__max_bins': 10, 'classifier__max_leaf_nodes': 154, 'classifier__min_samples_leaf': 64}",0.8119284836904599,0.8154518154518154,0.8121758121758121,0.8102648102648102,0.8082173082173082,0.8116076459600412,0.002387508596578362,90
189,0.8007460117340088,0.03768112493104064,0.06815762519836426,0.0038779881837303905,0.4309041908376588,0.015205165430847292,169,15,8,"{'classifier__l2_regularization': 0.4309041908376588, 'classifier__learning_rate': 0.015205165430847292, 'classifier__max_bins': 169, 'classifier__max_leaf_nodes': 15, 'classifier__min_samples_leaf': 8}",0.8495973795550703,0.846983346983347,0.8544908544908545,0.849030849030849,0.8493038493038493,0.8498812558727942,0.002481267871778979,49
190,0.45782155990600587,0.02486332148281735,0.05835142135620117,0.010375996963484426,0.0003488396711380455,0.02098022390314555,3,3,48,"{'classifier__l2_regularization': 0.0003488396711380455, 'classifier__learning_rate': 0.02098022390314555, 'classifier__max_bins': 3, 'classifier__max_leaf_nodes': 3, 'classifier__min_samples_leaf': 48}",0.7967790364405622,0.7915642915642915,0.7893802893802894,0.7896532896532896,0.7912912912912913,0.7917336396659448,0.0026663268074098205,112
191,0.603588342666626,0.014179454202885484,0.06735067367553711,0.007399016060914448,0.215873172294488,0.0016192350366114531,135,9,1,"{'classifier__l2_regularization': 0.215873172294488, 'classifier__learning_rate': 0.0016192350366114531, 'classifier__max_bins': 135, 'classifier__max_leaf_nodes': 9, 'classifier__min_samples_leaf': 1}",0.7589736590691961,0.758940758940759,0.758940758940759,0.758940758940759,0.758940758940759,0.7589473389664464,1.316005137486087e-05,122
192,0.719881248474121,0.016607032164757497,0.070770263671875,0.008775984336328634,0.0016261659141391092,0.0013471286733519297,10,16,31,"{'classifier__l2_regularization': 0.0016261659141391092, 'classifier__learning_rate': 0.0013471286733519297, 'classifier__max_bins': 10, 'classifier__max_leaf_nodes': 16, 'classifier__min_samples_leaf': 31}",0.7589736590691961,0.758940758940759,0.758940758940759,0.758940758940759,0.758940758940759,0.7589473389664464,1.316005137486087e-05,122
193,0.5701181888580322,0.008932334785210523,0.0644162654876709,0.006102355983958592,0.06440716477122553,0.0037475635582742695,2,8,25,"{'classifier__l2_regularization': 0.06440716477122553, 'classifier__learning_rate': 0.0037475635582742695, 'classifier__max_bins': 2, 'classifier__max_leaf_nodes': 8, 'classifier__min_samples_leaf': 25}",0.7589736590691961,0.758940758940759,0.758940758940759,0.758940758940759,0.758940758940759,0.7589473389664464,1.316005137486087e-05,122
194,0.8678516864776611,0.06754227957954696,0.07038493156433105,0.009854550611050873,71.30910101031645,0.44119557540726234,59,49,5,"{'classifier__l2_regularization': 71.30910101031645, 'classifier__learning_rate': 0.44119557540726234, 'classifier__max_bins': 59, 'classifier__max_leaf_nodes': 49, 'classifier__min_samples_leaf': 5}",0.853964787771257,0.8561288561288561,0.8581763581763582,0.8555828555828556,0.8549003549003549,0.8557506425119363,0.001411917891056795,22
195,2.560157537460327,0.1672729122043724,0.08568086624145507,0.003826856940240165,0.005883103288563521,0.06493191332404569,69,114,79,"{'classifier__l2_regularization': 0.005883103288563521, 'classifier__learning_rate': 0.06493191332404569, 'classifier__max_bins': 69, 'classifier__max_leaf_nodes': 114, 'classifier__min_samples_leaf': 79}",0.8551931213320595,0.8595413595413596,0.8591318591318591,0.8508053508053508,0.8596778596778597,0.8568699100976976,0.0034562446783432013,17
196,0.6804011344909668,0.028000992633484136,0.07072219848632813,0.007230988570605792,3.870555160399256e-06,0.0010922483905205771,7,13,2,"{'classifier__l2_regularization': 3.870555160399256e-06, 'classifier__learning_rate': 0.0010922483905205771, 'classifier__max_bins': 7, 'classifier__max_leaf_nodes': 13, 'classifier__min_samples_leaf': 2}",0.7589736590691961,0.758940758940759,0.758940758940759,0.758940758940759,0.758940758940759,0.7589473389664464,1.316005137486087e-05,122
197,4.365573883056641,0.0910321388610973,0.08075451850891113,0.006444617550550992,2.4039281559529538e-05,0.005685363902413614,4,207,57,"{'classifier__l2_regularization': 2.4039281559529538e-05, 'classifier__learning_rate': 0.005685363902413614, 'classifier__max_bins': 4, 'classifier__max_leaf_nodes': 207, 'classifier__min_samples_leaf': 57}",0.7718029207042446,0.7751842751842751,0.7791427791427792,0.7776412776412777,0.778050778050778,0.776364406144671,0.002622726293309202,116
198,0.6937526226043701,0.01877113881077035,0.046404695510864256,0.005002059153625463,1.0466228184912585,1.4662973574048193,23,226,55,"{'classifier__l2_regularization': 1.0466228184912585, 'classifier__learning_rate': 1.4662973574048193, 'classifier__max_bins': 23, 'classifier__max_leaf_nodes': 226, 'classifier__min_samples_leaf': 55}",0.8187525590282517,0.8188643188643189,0.8138138138138138,0.8075348075348076,0.8207753207753208,0.8159481640033025,0.004796041095077639,85
199,2.54760537147522,0.2346599445692735,0.06960926055908204,0.009459213164310903,1.7772480885441126e-06,0.004022246755117009,14,94,1,"{'classifier__l2_regularization': 1.7772480885441126e-06, 'classifier__learning_rate': 0.004022246755117009, 'classifier__max_bins': 14, 'classifier__max_leaf_nodes': 94, 'classifier__min_samples_leaf': 1}",0.7589736590691961,0.758940758940759,0.758940758940759,0.758940758940759,0.758940758940759,0.7589473389664464,1.316005137486087e-05,122
